index,published,keyword,domain,language,valid,title,description,url,image,archive,content,quote,de,en,la,added
ed0a00df6b624c47fc04d12d00cabb4b,2026-08-01T03:11:53Z,'landslide rain',economictimes.indiatimes.com,en,0.9,Woman killed in Idukki landslide as heavy rain triggers floods across central Kerala,A woman died in Idukki after a landslide destroyed her home on Saturday as heavy rains caused floods and fresh landslides across central Kerala. Several people are feared trapped under debris in Kottayam district. Rescue operations are underway in affected ar…,https://economictimes.indiatimes.com/news/india/woman-killed-in-idukki-landslide-as-heavy-rain-triggers-floods-across-central-kerala/articleshow/132780281.cms,"https://img.etimg.com/thumb/msid-132780332,width-1200,height-630,imgsize-127880,overlay-economictimes/articleshow.jpg",http://web.archive.org/web/20260802093219/https://economictimes.indiatimes.com/news/india/woman-killed-in-idukki-landslide-as-heavy-rain-triggers-floods-across-central-kerala/articleshow/132780281.cms,"Idukki: A woman was killed after a landslide buried her house in the high-range Idukki district on Saturday, while incessant heavy rain triggered floods and fresh landslides across central Kerala, wi… [+3881 chars]",,"Frau bei Erdrutsch in Idukki getötet, als starker Regen Überschwemmungen im Zentrum von Kerala auslöste. Eine Frau starb in Idukki, nachdem ein Erdrutsch am Samstag ihr Haus zerstört hatte, als heftige Regenfälle Überschwemmungen und neue Erdrutsche im Zentrum von Kerala verursachten. Es wird befürchtet, dass im Distrikt Kottayam mehrere Menschen unter Trümmern eingeklemmt sind. Im betroffenen Gebiet sind Rettungsaktionen im Gange …",Woman killed in Idukki landslide as heavy rain triggers floods across central Kerala. A woman died in Idukki after a landslide destroyed her home on Saturday as heavy rains caused floods and fresh landslides across central Kerala. Several people are feared trapped under debris in Kottayam district. Rescue operations are underway in affected ar…,"Mulier in Idukki lapsu occidit ut triggers pluviae gravissimae inundationes trans Kerala centralis. Mulier in Idukki mortua est postquam ruina domum suam die Sabbati delevit, sicut pluviae graves inundationes et recentes lapsus trans Kerala centralis fecerunt. Complures homines sub strages in Kottayam districtu capti metuuntur. Eripe res comparatas in affectata ar…",2026-08-04 16:50:16+00:00
18149df24c1c57975e6a27515a3ec8db,2026-08-01T17:41:56Z,'landslide rain',timesofindia.indiatimes.com,en,0.9,"Amba Ghat shut for heavy vehicles after landslide, road cracks, Koyna dam discharge increased to 33,826 cusec","Amba Ghat on Nagpur-Ratnagiri NH shut to heavy vehicles after landslide and road cracks; Koyna dam discharge raised to 33,826 cusecs amid heavy rain.",https://timesofindia.indiatimes.com/city/kolhapur/amba-ghat-shut-for-heavy-vehicles-after-landslide-road-cracks-koyna-dam-discharge-increased-to-33826-cusec/articleshow/132794691.cms,"https://static.toiimg.com/thumb/msid-132794690,width-1280,height-720,resizemode-6,overlay-toi_sw,pt-32,y_pad-600/photo.jpg",http://web.archive.org/web/20260802011913/https://timesofindia.indiatimes.com/city/kolhapur/amba-ghat-shut-for-heavy-vehicles-after-landslide-road-cracks-koyna-dam-discharge-increased-to-33826-cusec/articleshow/132794691.cms,"<ul><li>News</li>
<li>Amba Ghat shut for heavy vehicles after landslide, road cracks, Koyna dam discharge increased to 33,826 cusec</li></ul>
Follow Us On Social Media
Copyright © 2026 Bennett, Co… [+86 chars]",,"Amba Ghat nach Erdrutsch für schwere Fahrzeuge gesperrt, Straßenrisse, Abfluss am Koyna-Staudamm stieg auf 33.826 Cusec. Amba Ghat in Nagpur-Ratnagiri, New Hampshire, nach Erdrutsch und Straßenrissen für schwere Fahrzeuge gesperrt; Der Abfluss des Koyna-Staudamms stieg bei starkem Regen auf 33.826 Cusecs.","Amba Ghat shut for heavy vehicles after landslide, road cracks, Koyna dam discharge increased to 33,826 cusec. Amba Ghat on Nagpur-Ratnagiri NH shut to heavy vehicles after landslide and road cracks; Koyna dam discharge raised to 33,826 cusecs amid heavy rain.","Amba Ghat pro gravibus vehiculis inclusi post LAPSUS, rimas itineris, Koyna matrici missionem augeri ad 33,826 cusec. Amba Ghat in Nagpur-Ratnagiri NH inclusi ad vehicula gravibus post ruinam et rimas via; Koyna matris fluxum levatum ad 33,826 cusecs inter pluviam.",2026-08-04 16:50:16+00:00
a36b481cdf5dd20549f47e1f861bb23d,2026-08-01T18:16:35Z,'landslide rain',timesofindia.indiatimes.com,en,0.9,Ponmudi closed after landslide on road,"Ponmudi eco-tourism centre shut after landslide on Kallar-Ponmudi road amid heavy rain; Neyyar, Peppara and other Kerala eco-tourism sites also closed.",https://timesofindia.indiatimes.com/city/thiruvananthapuram/ponmudi-closed-after-landslide-on-road/articleshow/132795367.cms,"https://static.toiimg.com/thumb/msid-132795366,width-1280,height-720,resizemode-6,overlay-toi_sw,pt-32,y_pad-600/photo.jpg",http://web.archive.org/web/20260801194318/https://timesofindia.indiatimes.com/city/thiruvananthapuram/ponmudi-closed-after-landslide-on-road/articleshow/132795367.cms,"<ul><li>News</li>
<li>Ponmudi closed after landslide on road</li></ul>
Follow Us On Social Media
Copyright © 2026 Bennett, Coleman &amp; Co. Ltd. All rights reserved. For reprint rights: Times Syn… [+15 chars]",,"Ponmudi nach Erdrutsch auf der Straße geschlossen. Ponmudi-Ökotourismuszentrum nach Erdrutsch auf der Straße Kallar-Ponmudi bei starkem Regen geschlossen; Neyyar, Peppara und andere Ökotourismusstandorte in Kerala wurden ebenfalls geschlossen.","Ponmudi closed after landslide on road. Ponmudi eco-tourism centre shut after landslide on Kallar-Ponmudi road amid heavy rain; Neyyar, Peppara and other Kerala eco-tourism sites also closed.","Ponmudi clauditur post LAPSUS in via. Ponmudi eco-voluptuaria medius clausus cum lapsu in via Kallar-Ponmudi inter pluvias graves est; Neyyar, Peppara et aliae Kerala eco-voluptuaria loca etiam clausa sunt.",2026-08-04 16:50:16+00:00
78968fd584bce72a71fe76157e8f39dd,2026-08-02T01:06:07Z,'landslide road',english.khabarhub.com,en,0.9,Landslides and floods disrupt highways across the country,"KATHMANDU: Continuous rainfall, landslides, flooding, and road erosion have disrupted vehicular movement on several major highways and road sections across the country. In a traffic update issued tis morning, Nepal Police said that some roads have been comple…",https://english.khabarhub.com/2026/02/561441/,https://english.khabarhub.com/wp-content/uploads/2026/05/Landslide-Muglin.jpg,,"KATHMANDU: Continuous rainfall, landslides, flooding, and road erosion have disrupted vehicular movement on several major highways and road sections across the country.
In a traffic update issued ti… [+1529 chars]",,"Erdrutsche und Überschwemmungen beeinträchtigen die Autobahnen im ganzen Land. KATHMANDU: Anhaltende Regenfälle, Erdrutsche, Überschwemmungen und Straßenerosion haben den Fahrzeugverkehr auf mehreren wichtigen Autobahnen und Straßenabschnitten im ganzen Land beeinträchtigt. In einer am Morgen veröffentlichten Verkehrsmeldung teilte die nepalesische Polizei mit, dass einige Straßen fertiggestellt seien …","Landslides and floods disrupt highways across the country. KATHMANDU: Continuous rainfall, landslides, flooding, and road erosion have disrupted vehicular movement on several major highways and road sections across the country. In a traffic update issued tis morning, Nepal Police said that some roads have been comple…","Lunda et flumina perturbant viis congue. KATHMANDU: Imbres continui, ruinae, inundationes et via exesa motus vehiculares disiecerunt in pluribus viis maioribus et sectionibus viae per regionem. In mercatura renovatio mane edita, Nepal Vigilum dixit nonnullas vias completas fuisse…",2026-08-04 16:50:16+00:00
1f525a6ecdecda0835b367e7adc610ff,2026-08-02T03:25:19Z,'landslide',www.thehindubusinessline.com,en,0.9,From weather forecasts to climate resilience: The future of farming in India,"A single platform-observed flood, heatwave, landslide or drought can replace slow field surveys, putting money in farmers’ hands within days instead of seasons",https://www.thehindubusinessline.com/economy/agri-business/from-weather-forecasts-to-climate-resilience-the-future-of-farming-in-india/article71295655.ece,https://bl-i.thgim.com/public/incoming/dax2j9/article71209608.ece/alternates/LANDSCAPE_1200/vjkvg-paddy%209.JPG,,"The South-West monsoon is testing Indias preparedness yet again. In the third week of July 2026, flash floods and landslides across Jammu &amp; Kashmir, Nagaland and Assam claimed more than two dozen… [+4130 chars]",,"Von Wettervorhersagen bis zur Klimaresilienz: Die Zukunft der Landwirtschaft in Indien. Eine einzige von der Plattform beobachtete Überschwemmung, Hitzewelle, Erdrutsch oder Dürre kann langsame Felduntersuchungen ersetzen und den Landwirten innerhalb von Tagen statt von Jahreszeiten Geld in die Hände legen","From weather forecasts to climate resilience: The future of farming in India. A single platform-observed flood, heatwave, landslide or drought can replace slow field surveys, putting money in farmers’ hands within days instead of seasons","Praenoscere ex tempestatibus ad mollitiam aeris: De agricultura in India futurum. Unum suggestum observatum diluvium, aestus, terra, siccitas aut siccitas campum tardum lustrare potest, pecuniam in agricolarum manibus ponendo intra dies pro tempore",2026-08-04 16:50:16+00:00
651d9c6a0c800c8a8fa68b3403219717,2026-08-03T03:17:06Z,'landslide',english.khabarhub.com,en,0.9,Landslide disrupts traffic on Narayangadh-Muglin road,"CHITWAN: A landslide disrupted traffic at the Namsi Bridge along the Narayangadh-Muglin road section on Monday morning. The landslide triggered a stone fall, affecting one-way traffic in the area. Chief Police Inspector Anil Thapa of the District Traffic Poli…",https://english.khabarhub.com/2026/03/561609/,https://english.khabarhub.com/wp-content/uploads/2026/08/Road-Division-Bharatpur-e1785726993583.jpg,,"CHITWAN: A landslide disrupted traffic at the Namsi Bridge along the Narayangadh-Muglin road section on Monday morning.
The landslide triggered a stone fall, affecting one-way traffic in the area. C… [+333 chars]",,"Erdrutsch behindert den Verkehr auf der Straße Narayangadh-Muglin. CHITWAN: Ein Erdrutsch störte am Montagmorgen den Verkehr an der Namsi-Brücke entlang des Straßenabschnitts Narayangadh-Muglin. Der Erdrutsch löste einen Steinschlag aus, der den Einbahnverkehr in der Gegend beeinträchtigte. Polizeichefinspektor Anil Thapa von der Bezirksverkehrspolizei…","Landslide disrupts traffic on Narayangadh-Muglin road. CHITWAN: A landslide disrupted traffic at the Namsi Bridge along the Narayangadh-Muglin road section on Monday morning. The landslide triggered a stone fall, affecting one-way traffic in the area. Chief Police Inspector Anil Thapa of the District Traffic Poli…","Landslide commercium in Narayangadh-Muglin via disrupta est. CHITWAN: Lapsus negotiatio disrupit ad pontem Namsi per sectionem viae Narayangadh-Muglin die Lunae mane. Lapsus lapsu urguet, negotiationem in area unum-via afficiens. Dux Police Inspector Anil Thapa de District Traffic Poli…",2026-08-04 16:50:16+00:00
92d588b0008d622528094f828cb078d8,2026-08-03T04:40:24Z,'landslide',english.khabarhub.com,en,0.9,"13 highways blocked, two road sections operating one-way","KATHMANDU: Floods, landslides and road erosion triggered by continuous rainfall have disrupted traffic on several major highways and road sections across the country. According to Nepal Police, 13 highways and road sections are currently completely blocked, w…",https://english.khabarhub.com/2026/03/561622/,https://english.khabarhub.com/wp-content/uploads/2025/10/Mechi-Highway-Landslide.jpg,,"KATHMANDU: Floods, landslides and road erosion triggered by continuous rainfall have disrupted traffic on several major highways and road sections across the country.
According to Nepal Police, 13 h… [+1326 chars]",,"13 Autobahnen gesperrt, zwei Straßenabschnitte verkehren in eine Richtung. KATHMANDU: Überschwemmungen, Erdrutsche und Straßenerosion, ausgelöst durch anhaltende Regenfälle, haben den Verkehr auf mehreren wichtigen Autobahnen und Straßenabschnitten im ganzen Land beeinträchtigt. Nach Angaben der nepalesischen Polizei sind derzeit 13 Autobahnen und Straßenabschnitte vollständig gesperrt, wo…","13 highways blocked, two road sections operating one-way. KATHMANDU: Floods, landslides and road erosion triggered by continuous rainfall have disrupted traffic on several major highways and road sections across the country. According to Nepal Police, 13 highways and road sections are currently completely blocked, w…","13 Viae obsessae, sectiones viae duae una via operantes. KATHMANDU: Diluvia, proruit et via exesa utitur continuis pluviis commercium in pluribus viis maioribus et sectionibus viae per regionem disiecerunt. Secundum Nepal Vigilum, 13 viæ et sectiones viae nunc totaliter impediuntur, w…",2026-08-04 16:50:16+00:00
c231ace8954b1027b5a0bf8a9a20d579,2026-08-03T09:42:56Z,'landslide road',english.khabarhub.com,en,0.9,Landslide blocks Beni–Jomsom road,"POKHARA: A landslide has blocked the Beni–Jomsom road section of the Kaligandaki Corridor connecting Beni, the headquarters of Myagdi, with Mustang. Traffic was disrupted after a landslide struck the road at Baisari in Raghuganga Rural Municipality-2 this aft…",https://english.khabarhub.com/2026/03/561690/,https://english.khabarhub.com/wp-content/uploads/2025/08/Beni–Jomsom-road-landslide.jpeg,,"POKHARA: A landslide has blocked the BeniJomsom road section of the Kaligandaki Corridor connecting Beni, the headquarters of Myagdi, with Mustang.
Traffic was disrupted after a landslide struck the… [+803 chars]",,"Erdrutsch blockiert Straße Beni–Jomsom. POKHARA: Ein Erdrutsch hat den Straßenabschnitt Beni–Jomsom des Kaligandaki-Korridors blockiert, der Beni, den Hauptsitz von Myagdi, mit Mustang verbindet. Der Verkehr wurde unterbrochen, nachdem ein Erdrutsch die Straße bei Baisari in der ländlichen Gemeinde Raghuganga-2 getroffen hatte.","Landslide blocks Beni–Jomsom road. POKHARA: A landslide has blocked the Beni–Jomsom road section of the Kaligandaki Corridor connecting Beni, the headquarters of Myagdi, with Mustang. Traffic was disrupted after a landslide struck the road at Baisari in Raghuganga Rural Municipality-2 this aft…","Landslide impedit Beni-Jomsom via. POKHARA: Lapsus Beni-Jomsom sectionem viae Kaligandaki Corridor connectens Beni, praetorium Myagdi, cum Mustang obstruxit. Negotiatio turbata est post proiectum impetum in via Baisari in Raghuganga Ruris Municipality-2 hoc afi…",2026-08-04 16:50:16+00:00
f40f828a4a0304b03184d7ee5786cbae,2026-08-03T13:25:05Z,'landslide road',www.aljazeera.com,en,0.9,People flee as rain triggers landslide in India’s Kerala,"Heavy rain triggered a landslide in India's Kerala state, sending part of a hillside crashing onto a highway as people f",https://www.aljazeera.com/video/newsfeed/2026/8/3/08-03-2026-india-landslide-clip,https://www.aljazeera.com/wp-content/uploads/2026/08/image-1785763344.jpg?resize=1200%2C675,http://web.archive.org/web/20260803190536/https://www.aljazeera.com/video/newsfeed/2026/8/3/08-03-2026-india-landslide-clip,"NewsFeed
Heavy rain has triggered a landslide in Indias Kerala state that saw part of a hillside crash onto a highway, sending people running for safety. Authorities had closed the road after warnin… [+86 chars]",,"Menschen fliehen, als Regen im indischen Kerala einen Erdrutsch auslöst. Heftiger Regen löste im indischen Bundesstaat Kerala einen Erdrutsch aus, bei dem ein Teil eines Hügels auf eine Autobahn stürzte, während Menschen flüchteten","People flee as rain triggers landslide in India’s Kerala. Heavy rain triggered a landslide in India's Kerala state, sending part of a hillside crashing onto a highway as people f","Homines fugiunt ut triggers pluvie labuntur in Kerala in India. Imbribus gravis urget prolapsio in statu Kerala Indiae, mittens partem collis fragosus in viam quam homines f.",2026-08-04 16:50:16+00:00
567f8c92fb5f178ee0b22bd7690cd9be,2026-08-02T05:17:13Z,'landslide death',consent.yahoo.com,en,0.7,Landslide death toll rises in China's Gansu Province as heavy rains continue,,https://consent.yahoo.com/v2/collectConsent?sessionId=1_cc-session_3c841077-7413-4301-871b-746af160ec5b,,,"If you click 'Accept all', we and our partners, including 250 who are part of the IAB Transparency &amp; Consent Framework, will also store and / or access information on a device (in other words, us… [+1046 chars]",,Die Zahl der Todesopfer durch Erdrutsche in der chinesischen Provinz Gansu steigt aufgrund anhaltender heftiger Regenfälle. Nan,Landslide death toll rises in China's Gansu Province as heavy rains continue. nan,LAPSUS mortis vectigal in Sinis Gansu Provinciae oritur sicut pluviae graves continue. nan,2026-08-05 02:21:31+00:00
46fad207a36ae1b3fd546dc2f6cb49f5,2026-08-01T13:38:17Z,'landslide',timesofindia.indiatimes.com,en,0.9,Cauvery overflows at Bhagamandala as monsoon intensifies,"Monsoon intensifies in Kodagu; Cauvery overflows at Bhagamandala as 125mm rain falls. Harangi inflow hits 20,000 cusecs, bridge floods, landslide disrupts traffic.",https://timesofindia.indiatimes.com/city/mysuru/cauvery-overflows-at-bhagamandala-as-monsoon-intensifies/articleshow/132790619.cms,"https://static.toiimg.com/thumb/msid-132790612,width-1280,height-720,resizemode-6,overlay-toi_sw,pt-32,y_pad-600/photo.jpg",http://web.archive.org/web/20260802005623/https://timesofindia.indiatimes.com/city/mysuru/cauvery-overflows-at-bhagamandala-as-monsoon-intensifies/articleshow/132790619.cms,"<ul><li>News</li>
<li>Cauvery overflows at Bhagamandala as monsoon intensifies</li></ul>
Follow Us On Social Media
Copyright © 2026 Bennett, Coleman &amp; Co. Ltd. All rights reserved. For reprint… [+33 chars]",,"Cauvery läuft in Bhagamandala über, während der Monsun zunimmt. Monsun verstärkt sich in Kodagu; Cauvery läuft bei Bhagamandala über, als 125 mm Regen fallen. Harangi-Zufluss erreicht 20.000 Cusecs, Brücke überschwemmt, Erdrutsch behindert den Verkehr.","Cauvery overflows at Bhagamandala as monsoon intensifies. Monsoon intensifies in Kodagu; Cauvery overflows at Bhagamandala as 125mm rain falls. Harangi inflow hits 20,000 cusecs, bridge floods, landslide disrupts traffic.","Cauvery ad Bhagamandala redundat ut monsoon exasperatur. Monsoon auget in Kodagu; Cauvery ad Bhagamandala redundat sicut pluvia 125mm cadit. Harangi influentia 20000 cuseorum ferit, inundationes pontis, commercii lapsus disrumpit.",2026-08-05 02:21:31+00:00
cfa9c9551f60d351fbbb8f2e45b8e749,2026-08-01T16:51:41Z,'landslide rain',timesofindia.indiatimes.com,en,0.9,"Woman, son killed in landslide, over 400 houses flooded in Erattupetta","Erattupetta, Kottayam hit by heavy rain: woman and son killed in Payyani Estate landslide; Meenachil River floods 400 homes, 150 shops, damages power.",https://timesofindia.indiatimes.com/city/kochi/woman-son-killed-in-landslide-over-400-houses-flooded-in-erattupetta/articleshow/132793471.cms,"https://static.toiimg.com/thumb/msid-132793470,width-1280,height-720,resizemode-6,overlay-toi_sw,pt-32,y_pad-600/photo.jpg",http://web.archive.org/web/20260802010524/https://timesofindia.indiatimes.com/city/kochi/woman-son-killed-in-landslide-over-400-houses-flooded-in-erattupetta/articleshow/132793471.cms,"<ul><li>News</li>
<li>Woman, son killed in landslide, over 400 houses flooded in Erattupetta</li></ul>
Follow Us On Social Media",,"Frau und Sohn bei Erdrutsch getötet, über 400 Häuser in Erattupetta überschwemmt. Erattupetta, Kottayam von heftigem Regen heimgesucht: Frau und Sohn bei Erdrutsch auf Payyani-Anwesen getötet; Der Fluss Meenachil überschwemmt 400 Häuser und 150 Geschäfte und beschädigt den Strom.","Woman, son killed in landslide, over 400 houses flooded in Erattupetta. Erattupetta, Kottayam hit by heavy rain: woman and son killed in Payyani Estate landslide; Meenachil River floods 400 homes, 150 shops, damages power.","Mulier, filius in LAPSUS occisus, supra 400 domos in Erattupetta inundata. Erattupetta, Kottayam pluvia pluvia percussa: mulier et filius occisi in Lapsus Estate Payyani; Meenachil flumen domos 400 inundat, 150 tabernae, damna potestatis.",2026-08-05 02:21:31+00:00
8a5e54da98e247d0c5fd91e829e765f4,2026-08-01T17:13:59Z,'landslide',timesofindia.indiatimes.com,en,0.9,"Heavy rain batters Ernakulam, eastern parts badly hit","Heavy rain disrupts life in Ernakulam as rivers overflow and landslides hit eastern areas; 7 relief camps opened, dam shutters raised, tourist spots closed.",https://timesofindia.indiatimes.com/city/kochi/heavy-rain-batters-ernakulam-eastern-parts-badly-hit/articleshow/132793963.cms,"https://static.toiimg.com/thumb/msid-132793962,width-1280,height-720,resizemode-6,overlay-toi_sw,pt-32,y_pad-600/photo.jpg",http://web.archive.org/web/20260802015246/https://timesofindia.indiatimes.com/city/kochi/heavy-rain-batters-ernakulam-eastern-parts-badly-hit/articleshow/132793963.cms,"Follow Us On Social Media
Trumpiana: Tryst with twistory!Vijay's son Jason Sanjay says father encouraged him to build his own identity, addresses family rumours: 'People make assumptions about us'BM… [+1315 chars]",,"Heftiger Regen erschüttert Ernakulam, östliche Teile werden schwer getroffen. Heftiger Regen stört das Leben in Ernakulam, da Flüsse über die Ufer treten und Erdrutsche östliche Gebiete treffen; Sieben Hilfslager wurden eröffnet, Dammfensterläden geöffnet, Touristenattraktionen geschlossen.","Heavy rain batters Ernakulam, eastern parts badly hit. Heavy rain disrupts life in Ernakulam as rivers overflow and landslides hit eastern areas; 7 relief camps opened, dam shutters raised, tourist spots closed.","Imbribus graves verberat Ernakulam, partes orientales male feriunt. Imbribus gravis vitam in Ernakulam rumpit, sicut flumina exundant et plagas orientales feriunt; 7 Castra subsidio aperta, matre adaperta excita, urbis loca clausa.",2026-08-05 02:21:31+00:00
89ce4923a3b27d91b0051c03eb1b92e9,2026-08-02T16:55:39Z,'landslide',www.aljazeera.com,en,0.9,Deadly floods and landslide hit India’s Kerala,At least two people have been killed and eight injured after torrential rain triggered flooding,https://www.aljazeera.com/video/newsfeed/2026/8/2/deadly-floods-and-landslide-hit-indias-kerala,https://www.aljazeera.com/wp-content/uploads/2026/08/image-1785689690.jpg?resize=1920%2C1080&quality=80,http://web.archive.org/web/20260802173408/https://www.aljazeera.com/video/newsfeed/2026/8/2/deadly-floods-and-landslide-hit-indias-kerala,"NewsFeed
At least two people have been killed and eight injured after torrential rain triggered flooding and a landslide in Indias Kerala state. More than 500 people have been rescued, as weather of… [+34 chars]",,"Tödliche Überschwemmungen und Erdrutsche erschütterten das indische Kerala. Mindestens zwei Menschen wurden getötet und acht verletzt, nachdem sintflutartige Regenfälle Überschwemmungen ausgelöst hatten",Deadly floods and landslide hit India’s Kerala. At least two people have been killed and eight injured after torrential rain triggered flooding,Inundationes mortiferae et terrae in Indiae Kerala ledo. Saltem duo homines interfecti sunt et octo laesi post imbrem torrentem Urguet inundationem,2026-08-05 02:21:31+00:00
6ecf09bc58cae6a19a339a99687e69d3,2026-08-02T19:18:25Z,'landslide rain',timesofindia.indiatimes.com,en,0.9,4 Kalka-Shimla trains suspended till Aug 5 amid landslide risk,"Toy train services on the UNESCO Kalka–Shimla route suspended until Aug 5, 2026 as heavy rain raises landslide and rockfall risk, says Northern Railway.",https://timesofindia.indiatimes.com/city/chandigarh/4-kalka-shimla-trains-suspended-till-aug-5-amid-landslide-risk/articleshow/132813372.cms,"https://static.toiimg.com/thumb/msid-132813371,width-1280,height-720,resizemode-6,overlay-toi_sw,pt-32,y_pad-600/photo.jpg",http://web.archive.org/web/20260803015621/https://timesofindia.indiatimes.com/city/chandigarh/4-kalka-shimla-trains-suspended-till-aug-5-amid-landslide-risk/articleshow/132813372.cms,"Follow Us On Social Media
Croc drags 12-year-old girl into river in Vadodaras Padra talukaForeigners, too, have right to prove their cases: HC to Centre, stateIIT-Kgp study maps where Kolkata can gr… [+1068 chars]",,"4 Züge Kalka-Shimla wegen Erdrutschgefahr bis zum 5. August ausgesetzt. Der Spielzeugeisenbahnverkehr auf der UNESCO-Strecke Kalka–Shimla wurde bis zum 5. August 2026 eingestellt, da starker Regen die Gefahr von Erdrutschen und Steinschlägen erhöht, sagt Northern Railway.","4 Kalka-Shimla trains suspended till Aug 5 amid landslide risk. Toy train services on the UNESCO Kalka–Shimla route suspended until Aug 5, 2026 as heavy rain raises landslide and rockfall risk, says Northern Railway.","4 Kalka-Shimla impedimenta suspensa usque ad diem 5 Aug inter lapsus periculum. Operas tramen tramen in UNESCO Kalka-Shimla suspensum iter usque ad diem 5 Aug 2026 sicut pluviae gravem ruinam et periculo scopulorum excitat, dicit Railway Septentrionalis.",2026-08-05 02:21:31+00:00
94793607a9665129faa38aea9678e173,2026-08-02T08:32:22Z,'landslide',slashdot.org,en,0.7,Landslide death toll rises in China's Gansu Province as heavy rains continue - reuters.com,Landslide death toll rises in China's Gansu Province as heavy rains continuereuters.com China floods: large parts of country remain on alert as Gansu province death toll risesSouth China Morning Post China activates Level-IV flood response in Sichuan ahead of…,https://slashdot.org/firehose.pl?op=view&amp;id=184810996,,http://web.archive.org/web/20160119174443/http://slashdot.org/firehose.pl?op=view,The Fine Print: The following comments are owned by whoever posted them. We are not responsible for them in any way.,,"Zahl der Todesopfer durch Erdrutsche in der chinesischen Provinz Gansu steigt, da anhaltende heftige Regenfälle anhalten – reuters.com. Die Zahl der Todesopfer durch Erdrutsche in der chinesischen Provinz Gansu steigt, während die heftigen Regenfälle anhaltenreuters.com Überschwemmungen in China: Große Teile des Landes bleiben in Alarmbereitschaft, da die Zahl der Todesopfer in der Provinz Gansu steigtSouth China Morning Post China aktiviert Hochwasserschutz der Stufe IV in Sichuan vor…",Landslide death toll rises in China's Gansu Province as heavy rains continue - reuters.com. Landslide death toll rises in China's Gansu Province as heavy rains continuereuters.com China floods: large parts of country remain on alert as Gansu province death toll risesSouth China Morning Post China activates Level-IV flood response in Sichuan ahead of…,LAPSUS mortis vectigal in Sinis Gansu Provinciae oritur sicut pluviae graves continue - reuters.com. LAPSUS mortis vectigal oritur in Provincia Gansu Sinarum sicut imbribus continuereuters.com Sinarum inundationes: magnae patriae partes erecti manent sicut Gansu provincia mortis vectigal oritur South Sina Mane Post Sinarum responsio parat Level-IV diluvium in Sichuan ante ...,2026-08-05 07:37:16+00:00
3606113ff9d92ad5985d84f48581f4d4,2026-08-02T02:05:00Z,'landslide',economictimes.indiatimes.com,en,0.9,"Kerala weather, August 2: Is your district on the orange alert list? Check latest IMD forecast, exam updates","Kerala weather, August 2: Kerala faces an orange alert for very heavy rainfall and thunderstorms on August 2. Authorities issued safety advisories and postponed examinations due to ongoing landslides and flooding. Residents in vulnerable areas are urged to mo…",https://economictimes.indiatimes.com/news/new-updates/kerala-weather-august-2-is-your-district-on-the-orange-alert-list-check-latest-imd-forecast-exam-updates/articleshow/132799122.cms,"https://img.etimg.com/thumb/msid-132799116,width-1200,height-630,imgsize-303296,overlay-economictimes/articleshow.jpg",http://web.archive.org/web/20260803071954/https://economictimes.indiatimes.com/news/new-updates/kerala-weather-august-2-is-your-district-on-the-orange-alert-list-check-latest-imd-forecast-exam-updates/articleshow/132799122.cms,"The India Meteorological Department (IMD) on Saturday issued an orange alert for 12 districts in Kerala, warning of very heavy rainfall accompanied by thunderstorms on August 2. The weather condition… [+3282 chars]",,"Kerala-Wetter, 2. August: Steht Ihr Bezirk auf der orangen Alarmliste? Überprüfen Sie die neuesten IMD-Prognosen und Prüfungsaktualisierungen. Kerala-Wetter, 2. August: In Kerala gilt am 2. August die Alarmstufe Orange wegen sehr starker Regenfälle und Gewitter. Aufgrund der anhaltenden Erdrutsche und Überschwemmungen gaben die Behörden Sicherheitswarnungen heraus und verschoben Untersuchungen. Anwohner in gefährdeten Gebieten werden aufgefordert, mehr zu tun.","Kerala weather, August 2: Is your district on the orange alert list? Check latest IMD forecast, exam updates. Kerala weather, August 2: Kerala faces an orange alert for very heavy rainfall and thunderstorms on August 2. Authorities issued safety advisories and postponed examinations due to ongoing landslides and flooding. Residents in vulnerable areas are urged to mo…","Kerala weather, August 2: Estne regio in indice erectorum aurantiorum? Reprehendo tardus IMD praenuntientur, exem updates. Kerala tempestas Augusti II: Kerala aurantiaca intendit ad gravissimas pluvias et tonitribus die Augusti 2. Auctoritates consulta salutis edita et examinibus prolatis ob permanentes prolapsus et inundationes. Residentibus in locis vulnerabilibus ad mo…",2026-08-05 07:37:16+00:00
fbf0fd8704e289236f8c30ac6cc0e2bf,2026-08-06T00:00:00Z,'rockfall',www.nature.com,en,0.6,Distinguishing compound and cumulative hazards using machine learning and fuzzy logic in multi-hazard susceptibility mapping,Scientific Reports - Distinguishing compound and cumulative hazards using machine learning and fuzzy logic in multi-hazard susceptibility mapping,https://www.nature.com/articles/s41598-026-52012-w,https://media.springernature.com/m685/springer-static/image/art%3A10.1038%2Fs41598-026-52012-w/MediaObjects/41598_2026_52012_Fig1_HTML.png,,"This study applied three machine learning models ANN, SVM, and RF to assess the susceptibility of four major hazards, including flood, avalanche, rockfall, and landslide, along Haraz Road. A total of… [+24565 chars]",,Unterscheiden zusammengesetzter und kumulativer Gefahren mithilfe von maschinellem Lernen und Fuzzy-Logik bei der Anfälligkeitskartierung für mehrere Gefahren. Wissenschaftliche Berichte – Unterscheidung zusammengesetzter und kumulativer Gefahren mithilfe von maschinellem Lernen und Fuzzy-Logik bei der Kartierung der Anfälligkeit für mehrere Gefahren,Distinguishing compound and cumulative hazards using machine learning and fuzzy logic in multi-hazard susceptibility mapping. Scientific Reports - Distinguishing compound and cumulative hazards using machine learning and fuzzy logic in multi-hazard susceptibility mapping,Distinguendae sunt casus compositi et cumulativi machinae discendi et quamquam logicae in multi- aleae susceptibilitate destinata. Renuntiationes scientificae - discrimina composita et cumulativa utentes apparatus discendi et quamquam logicae in multi- alearum susceptibilitate destinata,2026-08-07 00:52:29+00:00
65ffff7bb337ee1ac2727fa9f40f0ffe,2026-08-05T15:16:57Z,'landslide',www.vanguardngr.com,en,0.9,2027: Renewed Hope Youth Movement predicts Tinubu landslide victory in Plateau,"By Golok Nanmwa JOS — The Renewed Hope Youth Engagement has predicted a landslide victory for President Bola Ahmed Tinubu in Plateau State in the 2027 presidential election, pledging to mobilise young people across the state in support of his re-election bid.…",https://www.vanguardngr.com/2026/08/2027-renewed-hope-youth-movement-predicts-tinubu-landslide-victory-in-plateau/,https://cdn.vanguardngr.com/wp-content/uploads/2026/02/Plateau-State-map.jpg,,"By Golok Nanmwa
JOS The Renewed Hope Youth Engagement has predicted a landslide victory for President Bola Ahmed Tinubu in Plateau State in the 2027 presidential election, pledging to mobilise young… [+4074 chars]",,"2027: Die Jugendbewegung „Renewed Hope“ sagt Tinubu einen Erdrutschsieg in Plateau voraus. Von Golok Nanmwa JOS – The Renewed Hope Youth Engagement hat einen Erdrutschsieg für Präsident Bola Ahmed Tinubu im Bundesstaat Plateau bei den Präsidentschaftswahlen 2027 vorhergesagt und versprochen, junge Menschen im ganzen Bundesstaat zur Unterstützung seiner Wiederwahl zu mobilisieren.…","2027: Renewed Hope Youth Movement predicts Tinubu landslide victory in Plateau. By Golok Nanmwa JOS — The Renewed Hope Youth Engagement has predicted a landslide victory for President Bola Ahmed Tinubu in Plateau State in the 2027 presidential election, pledging to mobilise young people across the state in support of his re-election bid.…","2027: Renovata Spes Iuventutis Motus Tinubu Lapsu victoriam praedicit in Plateau. Per Golok Nanmwa JOS — Renovatae spei Iuventutis Commissationem landalem victoriam praedixit Praesidis Bola Ahmed Tinubu in Civitate Plateau anno MMXXVII comitia praesidentialia, ut iuvenes trans civitatem in favorem reelectionis iuberet moveret.",2026-08-07 00:52:29+00:00
acfb694d63177711db297d14efac0f98,2026-08-06T20:22:45Z,'landslide charity',www.eonline.com,en,0.2,"Where Lindsey Buckingham, Stevie Nicks Stand After Feud","Fleetwood Mac’s Lindsey Buckingham told E! News at Variety’s Power of Young Hollywood event how a special project healed the band’s rifts, including bringing him and Stevie Nicks to a better spot.",https://www.eonline.com/news/1434745/lindsey-buckingham-update-on-stevie-nicks-fleetwood-mac-drama,"https://akns-images.eonline.com/eol_images/Entire_Site/20260806/b0d34d98-0875-4545-ae84-1c2e9281f90c_1786029169.jpg?fit=around%7C1200:1200&output-quality=90&crop=1200:1200;center,top",http://web.archive.org/web/20260807035221/https://www.eonline.com/news/1434745/lindsey-buckingham-update-on-stevie-nicks-fleetwood-mac-drama,"Clearly, it was the right move. The band's 1975 eponymous album landed the No. 1 spot on the Billboard 200 chart and featured hits like ""Landslide,"" ""Rhiannon,"" ""Over My Head,"" and ""Say You Love Me.""… [+1031 chars]",,"Wo Lindsey Buckingham und Stevie Nicks nach der Fehde stehen. Lindsey Buckingham von Fleetwood Mac erzählte E! Neuigkeiten bei der Power of Young Hollywood-Veranstaltung von Variety, wie ein besonderes Projekt die Gräben der Band heilte und ihn und Stevie Nicks an einen besseren Ort brachte.","Where Lindsey Buckingham, Stevie Nicks Stand After Feud. Fleetwood Mac’s Lindsey Buckingham told E! News at Variety’s Power of Young Hollywood event how a special project healed the band’s rifts, including bringing him and Stevie Nicks to a better spot.","Ubi Lindsey Buckingham, Stevie Nicks Stand After Feud. Fleetwood Mac's Lindsey Buckingham nuntiavit E! Nuntii apud Variety's Power of Young Hollywood eventum quomodo speciale consilium discidium cohortis sanavit, incluso eum et Stevie Nicks ad meliorem maculam adducendum curavit.",2026-08-08 01:23:44+00:00
667b10ab24f9172d2397d749477fef53,2026-08-06T18:48:23Z,'landslide charity',www.politico.eu,en,0.3,UK Labour membership plummeted under Keir Starmer,"Labour had 264,754 members in 2025, its accounts show, down from more than half a million last decade.",https://www.politico.eu/article/uk-labour-party-membership-falls-under-keir-starmer/,"https://www.politico.eu/cdn-cgi/image/width=1200,height=630,fit=crop,quality=80,onerror=redirect/wp-content/uploads/2026/08/06/GettyImages-2157802586.jpg",,"Starmer faced a tricky 2025 after winning a landslide victory the previous year, which brought the center-left party back into power after 14 years. 
He was forced into a series of policy U-turns by… [+969 chars]",,"Unter Keir Starmer sank die Mitgliederzahl der britischen Labour-Partei drastisch. Aus den Bilanzen geht hervor, dass Labour im Jahr 2025 264.754 Mitglieder hatte, verglichen mit mehr als einer halben Million im letzten Jahrzehnt.","UK Labour membership plummeted under Keir Starmer. Labour had 264,754 members in 2025, its accounts show, down from more than half a million last decade.","UK Laboris membership plummeted under Keir Starmer. Labores 264,754 membra in 2025 habuerunt, rationes eius ostendunt plus quam dimidium decies centena millia proximis decenniis.",2026-08-08 01:23:44+00:00
d8e335665388ac7fcc36aacb0357b3d0,2026-08-05T15:24:04Z,'landslide',freerepublic.com,en,0.9,Womp Womp: 'It Pisses Me Off' – Cori Bush Lashes Out in Screaming Concession Speech After Failed Comeback Attempt: 'Respectability Politics Don't Even See You!' (VIDEO),"Ex-Democrat Congresswoman Cori Bush gave a fiery concession speech on Tuesday after losing her congressional comeback bid, saying her loss ""pisses me off"" before screaming about her tragic defeat. Bush lost in a landslide last night. NBC's Steve Kornacki call…",https://freerepublic.com/focus/f-chat/4390691/posts,,http://web.archive.org/web/20260805174045/https://freerepublic.com/focus/f-chat/4390691/posts,"Skip to comments.
Womp Womp: 'It Pisses Me Off' Cori Bush Lashes Out in Screaming Concession Speech After Failed Comeback Attempt: 'Respectability Politics Don't Even See You!' (VIDEO)The Gateway Pu… [+4055 chars]",,"Womp Womp: „Es macht mich wütend“ – Cori Bush schlägt in schreiender Konzessionsrede nach gescheitertem Comeback-Versuch zu: „Seriöse Politik sieht dich nicht einmal!“ (VIDEO). Die ehemalige demokratische Kongressabgeordnete Cori Bush hielt am Dienstag eine feurige Konzessionsrede, nachdem sie ihr Comeback-Gesuch im Kongress verloren hatte. Sie sagte, ihre Niederlage mache „mich wütend“, bevor sie über ihre tragische Niederlage schrie. Bush verlor letzte Nacht bei einem Erdrutsch. Steve Kornacki von NBC ruft an…","Womp Womp: 'It Pisses Me Off' – Cori Bush Lashes Out in Screaming Concession Speech After Failed Comeback Attempt: 'Respectability Politics Don't Even See You!' (VIDEO). Ex-Democrat Congresswoman Cori Bush gave a fiery concession speech on Tuesday after losing her congressional comeback bid, saying her loss ""pisses me off"" before screaming about her tragic defeat. Bush lost in a landslide last night. NBC's Steve Kornacki call…","Womp Womp: 'Pisses me Off' – Cori Bush verberat in Screaming Concessione Orationem Post Deficio Comeback attentare: 'Respectability Politica ne quidem te videre!' (VIDEO). Congressus Congressus Democratae Cori Bush orationem igneam die Martis dedit post reditum Concilii sui amissam iussisse, dicens ei damnum ""misse me"" antequam de cladem tragicam quiritare. Bush heri LAPSUS amisit. NBC Steve Kornacki vocationem…",2026-08-08 01:23:44+00:00
b8b5020d6d1ca05b57bf5c0790500b60,2026-08-05T17:09:25Z,'landslide rain',timesofindia.indiatimes.com,en,0.9,Kethikal landslip: Works on breast wall to be completed before next monsoon,Heavy rain triggered a Kethikal hill landslide on NH 169 near Mangaluru; NHAI says breast wall work and slope stabilisation will finish before next monsoon.,https://timesofindia.indiatimes.com/city/mangaluru/kethikal-landslip-works-on-breast-wall-to-be-completed-before-next-monsoon/articleshow/132954342.cms,"https://static.toiimg.com/thumb/msid-132954333,width-1280,height-720,resizemode-6,overlay-toi_sw,pt-32,y_pad-600/photo.jpg",,"Follow Us On Social Media
Hyderabad CA checks into hotel room, dies by suicide by inhaling helium over 'gaming losses'Google Maps route planning: Here's how many stops you can add to a single tripSp… [+1160 chars]",,Erdrutsch in Kethikal: Arbeiten an der Brustwand müssen vor dem nächsten Monsun abgeschlossen sein. Starker Regen löste einen Erdrutsch am Kethikal-Hügel auf der NH 169 in der Nähe von Mangaluru aus; Laut NHAI werden die Brustwandarbeiten und die Hangstabilisierung vor dem nächsten Monsun abgeschlossen sein.,Kethikal landslip: Works on breast wall to be completed before next monsoon. Heavy rain triggered a Kethikal hill landslide on NH 169 near Mangaluru; NHAI says breast wall work and slope stabilisation will finish before next monsoon.,Kethikal landslip: Opera super murum pectus perficiendum ante proximum monsoon. Imbribus gravis Urguet Kethikal montem in NH 169 prope Mangaluru; NHAI dicit murum pectus operis et praeceps stabilizatio ante proximam monsoon perficiet.,2026-08-08 01:23:44+00:00
483ccf270ecff0b36bd079f909a8ebab,2026-08-05T18:10:36Z,'landslide',biztoc.com,en,0.9,Abdul El-Sayed’s Michigan win wasn’t a landslide. But it was still surprising,"For the past six months, Democratic primary voters have overwhelmingly selected one “normie” Democrat after another. On Tuesday, voters in Michigan went in a different direction.
With Abdul El-Sayed’s victory over Rep. Haley Stevens in the Michigan Senate Dem…",https://biztoc.com/x/43038a1dc4654e7c,https://biztoc.com/cdn/995/og.png,,"For the past six months, Democratic primary voters have overwhelmingly selected one normie Democrat after another. On Tuesday, voters in Michigan went in a different direction.With Abdul El-Sayeds vi… [+135 chars]",,"Der Sieg von Abdul El-Sayed in Michigan war kein Erdrutsch. Aber es war trotzdem überraschend. In den letzten sechs Monaten haben die Vorwahlwähler der Demokraten mit überwältigender Mehrheit einen „normalen“ Demokraten nach dem anderen gewählt. Am Dienstag gingen die Wähler in Michigan in eine andere Richtung.
Mit dem Sieg von Abdul El-Sayed über die Abgeordnete Haley Stevens im Senatswahlkampf von Michigan …","Abdul El-Sayed’s Michigan win wasn’t a landslide. But it was still surprising. For the past six months, Democratic primary voters have overwhelmingly selected one “normie” Democrat after another. On Tuesday, voters in Michigan went in a different direction.
With Abdul El-Sayed’s victory over Rep. Haley Stevens in the Michigan Senate Dem…","Abdul El-sayd's Michigan landum non erat. Sed adhuc mirum. Per hos sex menses, Primarii suffragatores democratici unum post alterum ""normiam"" Democraticam nimis deleverunt. Die Martis suffragii in Michigan diversos fines abierunt.
Cum Abdul El-sayed victoria de Rep. Haley Stevens in senatu Michigan Dem…",2026-08-08 01:23:44+00:00
1f3e5accb95f24078a6fa26163c8215d,2026-08-05T18:37:17Z,'landslide',timesofindia.indiatimes.com,en,0.9,"Pettimudy tragedy: 6 years on, promises still remain on paper","Six years after the 2020 Pettimudy landslide that killed 70, survivors say Kerala rehabilitation promises—safe housing, land and aid—remain largely unfulfilled.",https://timesofindia.indiatimes.com/city/kochi/pettimudy-tragedy-6-years-on-promises-still-remain-on-paper/articleshow/132962347.cms,"https://static.toiimg.com/thumb/msid-132962339,width-1280,height-720,resizemode-6,overlay-toi_sw,pt-32,y_pad-600/photo.jpg",http://web.archive.org/web/20260805234610/https://timesofindia.indiatimes.com/city/kochi/pettimudy-tragedy-6-years-on-promises-still-remain-on-paper/articleshow/132962347.cms,"Follow Us On Social Media
Copyright © 2026 Bennett, Coleman &amp; Co. Ltd. All rights reserved. For reprint rights: Times Syndication Service",,"Pettimudy-Tragödie: Sechs Jahre später bleiben Versprechen immer noch auf dem Papier. Sechs Jahre nach dem Erdrutsch in Pettimudy im Jahr 2020, bei dem 70 Menschen ums Leben kamen, sagen Überlebende, dass die Rehabilitationsversprechen Keralas – sichere Unterkünfte, Land und Hilfe – weitgehend unerfüllt bleiben.","Pettimudy tragedy: 6 years on, promises still remain on paper. Six years after the 2020 Pettimudy landslide that killed 70, survivors say Kerala rehabilitation promises—safe housing, land and aid—remain largely unfulfilled.","Pettimudy tragoedia: VI annos in promissis adhuc in charta manent. Sex annis post MMXXX Pettimudy in ruinam qui LXX occiderunt, superstites dicunt Kerala rehabilitationem promissionum - habitationem, terram et auxilium tutum - manere late vacuam.",2026-08-08 01:23:44+00:00
bb1df4b6980d35eb2792b20bfba71305,2026-08-05T18:58:33Z,'landslide',timesofindia.indiatimes.com,en,0.9,"Six years after disaster, Gopika nears her dream","Pettimudy landslide survivor Gopika, who lost her parents and 24 relatives, is now a final-year MBBS student at Govt Medical College Palakkad.",https://timesofindia.indiatimes.com/city/kochi/six-years-after-disaster-gopika-nears-her-dream/articleshow/132964973.cms,"https://static.toiimg.com/thumb/msid-132964968,width-1280,height-720,resizemode-6,overlay-toi_sw,pt-32,y_pad-600/photo.jpg",http://web.archive.org/web/20260805234610/https://timesofindia.indiatimes.com/city/kochi/six-years-after-disaster-gopika-nears-her-dream/articleshow/132964973.cms,"Follow Us On Social Media
Copyright © 2026 Bennett, Coleman &amp; Co. Ltd. All rights reserved. For reprint rights: Times Syndication Service",,"Sechs Jahre nach der Katastrophe nähert sich Gopika ihrem Traum. Die Überlebende des Erdrutschs in Pettimudy, Gopika, die ihre Eltern und 24 Verwandte verloren hat, ist jetzt MBBS-Studentin im letzten Jahr am Govt Medical College Palakkad.","Six years after disaster, Gopika nears her dream. Pettimudy landslide survivor Gopika, who lost her parents and 24 relatives, is now a final-year MBBS student at Govt Medical College Palakkad.","Sex annis post calamitatem Gopika somnium eius appropinquat. Pettimudy in terra superstes Gopika, quae parentes et 24 propinquos amisit, nunc ultimus annus MBBS discipulus est apud Collegium Medicum Govt Palakkad.",2026-08-08 01:23:44+00:00
0a3e22c2c477aea8dac4a96eca8eeaee,2026-08-05T21:51:30Z,'landslide',www.draysbay.com,en,0.9,"Rays shut out Rockies and claim landslide series victory: Rays 4, Rockies 0",How sweep it is.,https://www.draysbay.com/tampa-bay-rays-scores/90475/tampa-bay-rays-colorado-rockies-nick-martinez-victor-mesa-jr-junior-caminero,https://s.yimg.com/lo/mysterio/api/0079130ffcfeacf4c1b9baded222f5afe917ad8ce728a2a472e438c7cb169eb9/lightyear_networkapi/resizefill_w1200%3Bquality_80%3Bformat_webp/https%3A%2F%2Fmedia.zenfs.com%2Fen%2Fsb_nation_articles_115%2F2fb0ff8764284a784884a1f7057923d3,http://web.archive.org/web/20260806000604/https://www.draysbay.com/tampa-bay-rays-scores/90475/tampa-bay-rays-colorado-rockies-nick-martinez-victor-mesa-jr-junior-caminero,"The Rays were looking to complete their sweep of the Colorado Rockies on Wednesday afternoon while the rest of us were just scratching our heads over the randomness of a 3pm game start time. Oh boy, … [+3326 chars]",,"Die Rays schalten die Rockies aus und holen sich einen Erdrutschsieg in der Serie: Rays 4, Rockies 0. Wie feige es ist.","Rays shut out Rockies and claim landslide series victory: Rays 4, Rockies 0. How sweep it is.","Radii silices secludunt et seriem victoriam petunt landslide: Radii 4, Silicis 0. Quam verrunt est.",2026-08-08 01:23:44+00:00
00529ec0b5c67a4873354f500c2af9c3,2026-08-06T04:45:27Z,'landslide road',english.khabarhub.com,en,0.9,"Heavy rain blocks key highways; night traffic suspended on BP Highway, Kantilokpath","KATHMANDU: Heavy rainfall has disrupted road transport across several districts, with major highways blocked by landslides and flood damage, while authorities have imposed night-time traffic restrictions on some routes due to safety concerns. According to Nep…",https://english.khabarhub.com/2026/06/562022/,https://english.khabarhub.com/wp-content/uploads/2026/05/Landslide-Muglin.jpg,,"KATHMANDU: Heavy rainfall has disrupted road transport across several districts, with major highways blocked by landslides and flood damage, while authorities have imposed night-time traffic restrict… [+2233 chars]",,"Starker Regen blockiert wichtige Autobahnen; Nachtverkehr auf dem BP Highway, Kantilokpath, eingestellt. KATHMANDU: Heftige Regenfälle haben den Straßenverkehr in mehreren Bezirken beeinträchtigt. Wichtige Autobahnen wurden durch Erdrutsche und Überschwemmungsschäden blockiert, während die Behörden aus Sicherheitsgründen auf einigen Strecken nächtliche Verkehrsbeschränkungen verhängt haben. Laut Nep…","Heavy rain blocks key highways; night traffic suspended on BP Highway, Kantilokpath. KATHMANDU: Heavy rainfall has disrupted road transport across several districts, with major highways blocked by landslides and flood damage, while authorities have imposed night-time traffic restrictions on some routes due to safety concerns. According to Nep…","Heavy rain blocks key highways; noctis commercium suspensum in BP Highway, Kantilokpath. KATHMANDU: Gravis imbribus via oneraria per plures regiones disrupit, cum viis maioribus procursus et damnum inundationis obstructum est, dum auctoritates commercii nocturni temporis restrictiones in aliquibus itineribus propter salutem curarum imposuerunt. Secundum Nep…",2026-08-08 01:23:44+00:00
f6775f7c06044b4623a00683fc7500a4,2026-08-06T06:36:07Z,'rock fall',economictimes.indiatimes.com,en,0.9,"Monsoon disruption in Uttarakhand: Gangotri, Yamunotri routes hit by landslides; Asan Barrage opens gates","The Gangotri and Yamunotri National Highways were blocked due to road obstruction and continuous rockfall in Uttarkashi. Meanwhile, authorities released around 39,000 cusecs of water from the Asan Barrage in Dehradun after rising river discharge clogged the b…",https://economictimes.indiatimes.com/news/india/monsoon-disruption-in-uttarakhand-gangotri-yamunotri-routes-hit-by-landslides-asan-barrage-opens-gates/articleshow/132984281.cms,"https://img.etimg.com/thumb/msid-132985948,width-1200,height-630,imgsize-382522,overlay-economictimes/articleshow.jpg",http://web.archive.org/web/20260806111956/https://economictimes.indiatimes.com/news/india/monsoon-disruption-in-uttarakhand-gangotri-yamunotri-routes-hit-by-landslides-asan-barrage-opens-gates/articleshow/132984281.cms,"Dehradun: The Gangotri and Yamunotri National Highways were blocked at different locations in Uttarkashi district following road obstruction and continuous rockfall, while authorities in Dehradun rel… [+2457 chars]",,"Monsunstörung in Uttarakhand: Gangotri- und Yamunotri-Routen von Erdrutschen betroffen; Asan Barrage öffnet Tore. Die Nationalstraßen Gangotri und Yamunotri waren aufgrund von Straßenbehinderungen und anhaltendem Steinschlag in Uttarkashi blockiert. Unterdessen ließen die Behörden rund 39.000 Kubiksekunden Wasser aus dem Asan-Staudamm in Dehradun ab, nachdem der steigende Abfluss des Flusses das Gewässer verstopft hatte.","Monsoon disruption in Uttarakhand: Gangotri, Yamunotri routes hit by landslides; Asan Barrage opens gates. The Gangotri and Yamunotri National Highways were blocked due to road obstruction and continuous rockfall in Uttarkashi. Meanwhile, authorities released around 39,000 cusecs of water from the Asan Barrage in Dehradun after rising river discharge clogged the b…","Disruptio Monsoon in Uttarakhand: Gangotri, Yamunotri itinera ictus proruit; Asan Barrage portas aperit. Gangotri et Yamunotri National viarum obstructae sunt ob obstructionem et continuam saxum in Uttarkashi. Interim auctores circiter 39,000 cuseorum aquae ab Asan Barrage in Dehradun emissi cum emissione fluminis ortu adhaerent b…",2026-08-08 01:23:44+00:00
3484f5eb4ad92063d477a3544cf56ce2,2026-08-06T13:49:36Z,'landslide rain',economictimes.indiatimes.com,en,0.9,64 dead in Himachal Pradesh since monsoon's onset; wet spell to be on till Aug 12,"Monsoon rains have caused 64 deaths and Rs 797 crore in losses across Himachal Pradesh. One hundred twenty roads remain closed, and many water supply schemes are disrupted. The Hindustan-Tibet road was reopened after a significant landslide in Kinnaur. Modera…",https://economictimes.indiatimes.com/news/india/64-dead-in-himachal-pradesh-since-monsoons-onset-wet-spell-to-be-on-till-aug-12/articleshow/133007802.cms,"https://img.etimg.com/thumb/msid-133007819,width-1200,height-630,imgsize-40702,overlay-economictimes/articleshow.jpg",,"Shimla: Since monsoon hit the state late in June, 64 people have died in rain-related incidents, including 14 landslides and one instance of flash flood, officials said on Thursday.Administration has… [+1153 chars]",,64 Tote in Himachal Pradesh seit Beginn des Monsuns; Die Regenperiode dauert bis zum 12. August. Monsunregen haben in ganz Himachal Pradesh 64 Todesfälle und Verluste in Höhe von 797 Millionen Rupien verursacht. Einhundertzwanzig Straßen bleiben gesperrt und viele Wasserversorgungssysteme sind unterbrochen. Die Straße Hindustan-Tibet wurde nach einem erheblichen Erdrutsch in Kinnaur wieder geöffnet. Modera…,"64 dead in Himachal Pradesh since monsoon's onset; wet spell to be on till Aug 12. Monsoon rains have caused 64 deaths and Rs 797 crore in losses across Himachal Pradesh. One hundred twenty roads remain closed, and many water supply schemes are disrupted. The Hindustan-Tibet road was reopened after a significant landslide in Kinnaur. Modera…",64 mortuus in Himachal Pradesh ab monsoon impetu; infectum carmen esse usque ad Aug XII. Monsoon imbres fecerunt 64 mortes et Rs DCCXCVII crore in damna trans Himachal Pradesh. Viae centum viginti clausae manent et multae aquae technae copiae dissipantur. Hindustan-Tibet via reclusa est post notabilem ruinam in Kinnaur. Modera…,2026-08-08 01:23:44+00:00
8e1842f474519d5d9cdd0c21383d8c5b,2026-08-06T16:50:06Z,'landslide road',timesofindia.indiatimes.com,en,0.9,Waterlogging in Kolhapur low-lying areas as 40 barrages stay underwater,Drizzles in Kolhapur swell Panchaganga above capacity; 40 barrages submerged. Satara landslide blocks Medha-Bhilar road; dam discharges increased.,https://timesofindia.indiatimes.com/city/kolhapur/waterlogging-in-kolhapur-low-lying-areas-as-40-barrages-stay-underwater/articleshow/133011719.cms,"https://static.toiimg.com/thumb/msid-133011718,width-1280,height-720,resizemode-6,overlay-toi_sw,pt-32,y_pad-600/photo.jpg",http://web.archive.org/web/20260807014430/https://timesofindia.indiatimes.com/city/kolhapur/waterlogging-in-kolhapur-low-lying-areas-as-40-barrages-stay-underwater/articleshow/133011719.cms,"Follow Us On Social Media
Copyright © 2026 Bennett, Coleman &amp; Co. Ltd. All rights reserved. For reprint rights: Times Syndication Service",,"In den tiefer gelegenen Gebieten von Kolhapur kommt es zu Staunässe, da 40 Staustufen unter Wasser bleiben. Nieselregen in Kolhapur lässt Panchaganga über seine Kapazitätsgrenzen hinaus anschwellen; 40 Sperrfeuer untergetaucht. Erdrutsch in Satara blockiert Straße Medha-Bhilar; Dammabflüsse nahmen zu.",Waterlogging in Kolhapur low-lying areas as 40 barrages stay underwater. Drizzles in Kolhapur swell Panchaganga above capacity; 40 barrages submerged. Satara landslide blocks Medha-Bhilar road; dam discharges increased.,Waterlogging in locis Kolhapur iacentibus sicut 40 vecturae summersae manent. Drizzles in Kolhapur intumescunt Panchaganga supra facultatem; 40 verberare demergi. Satara proruit vias Medha-Bhilar impedit; matre obit aucta.,2026-08-08 01:23:44+00:00
93aba6496c3348066c1b980b1663b06d,2026-08-01T17:58:11Z,'landlide climate change',timesofindia.indiatimes.com,en,0.3,Mandya ZP CEO urges farmers to shift to climate-resilient farming,"Mandya ZP CEO KR Nandini urges farmers to adopt climate-resilient, integrated natural farming with low-water crops, drip irrigation and farm ponds.",https://timesofindia.indiatimes.com/city/mysuru/mandya-zp-ceo-urges-farmers-to-shift-to-climate-resilient-farming/articleshow/132794976.cms,"https://static.toiimg.com/thumb/msid-132794973,width-1280,height-720,resizemode-6,overlay-toi_sw,pt-32,y_pad-600/photo.jpg",http://web.archive.org/web/20260802004229/https://timesofindia.indiatimes.com/city/mysuru/mandya-zp-ceo-urges-farmers-to-shift-to-climate-resilient-farming/articleshow/132794976.cms,"Follow Us On Social Media
Snakebite claims woman, teen daughter in outer DelhiNainar accuses Karnataka CM of insulting Vijay as protests rage on CauveryMurder over campus rivalry: Nine arrested for … [+1225 chars]",,"Der CEO von Mandya ZP fordert die Landwirte dringend auf, auf eine klimaresistente Landwirtschaft umzusteigen. KR Nandini, CEO von Mandya ZP, fordert die Landwirte dazu auf, eine klimaresistente, integrierte natürliche Landwirtschaft mit Niedrigwasseranbau, Tropfbewässerung und Farmteichen einzuführen.","Mandya ZP CEO urges farmers to shift to climate-resilient farming. Mandya ZP CEO KR Nandini urges farmers to adopt climate-resilient, integrated natural farming with low-water crops, drip irrigation and farm ponds.","Mandya ZP CEO hortatur agricolas ut ad molles climata agricolas transferant. Mandya ZP CEO KR Nandini hortatur agricolas ut molles climata capiant, naturalem agriculturam cum frugibus demissis aqualibus, destillationibus et stagnis fundi destillantibus.",2026-08-08 05:41:35+00:00
efead0f71454e421e02bc53e5c52d623,2026-08-04T02:20:07Z,'landslide',www.yahoo.com,en,0.9,"China seeks to prevent, mitigate impact of landslides and floods","BEIJING, Aug 4 (Reuters) - China is planning to strengthen its ability to prevent and mitigate the impact of landslides and floods as it seeks to better resp...",https://www.yahoo.com/news/science/articles/china-seeks-prevent-mitigate-impact-022007436.html,https://s.yimg.com/lo/mysterio/api/d7ce978d7f563a6b9365c828baa97a5dd9e6be69d00584dadfabd51eb98fba9c/lightyear_networkapi/resizefill_w800_h600;quality_80;format_webp/https:%2F%2Fmedia.zenfs.com%2Fen%2Freuters.com%2F8fc8199ea185f73f69998af8c8d0b34f,http://web.archive.org/web/20260804110607/https://www.yahoo.com/news/science/articles/china-seeks-prevent-mitigate-impact-022007436.html,"BEIJING, Aug 4 (Reuters) - China is planning to strengthen its ability to prevent and mitigate the impact of landslides and floods as it seeks to better respond to climate change, state broadcaster C… [+885 chars]",,"China versucht, die Auswirkungen von Erdrutschen und Überschwemmungen zu verhindern und abzumildern. PEKING, 4. August (Reuters) – China plant, seine Fähigkeit zu stärken, die Auswirkungen von Erdrutschen und Überschwemmungen zu verhindern und abzumildern, um besser darauf reagieren zu können...","China seeks to prevent, mitigate impact of landslides and floods. BEIJING, Aug 4 (Reuters) - China is planning to strengthen its ability to prevent and mitigate the impact of landslides and floods as it seeks to better resp...","Sina impedire quaerit, labefactum proruit et inundationes mitigare. BEIJING, Aug 4 (Reuters) - China cogitat suam facultatem firmare ad prohibendos et diminuendos ictum prolapsorum et inundationum prout melius studet resp...",2026-08-08 15:27:20+00:00
3be7d4c6fae6f65536c9d316873454d7,2026-08-07T14:48:38Z,'landslide road',www.dailymail.com,en,0.9,Chilling map exposes landslide danger zones threatening 6.5 million Americans,Scientists have issued a dire warning after discovering 6.5 million Americans live on terrain at risk of potentially deadly landslides.,https://www.dailymail.com/sciencetech/article-16036657/landslide-danger-zones-appalachia-west-coast.html,https://i.dailymail.com/1s/2026/08/07/15/110500653-0-image-a-17_1786114025109.jpg,http://web.archive.org/web/20260807165936/https://www.dailymail.com/sciencetech/article-16036657/landslide-danger-zones-appalachia-west-coast.html,"Scientists have issued a dire warning after discovering 6.5 million Americans live on terrain highly susceptible to potentially deadly landslides.
The first nationwide building-level assessment foun… [+5858 chars]",,"Erschreckende Karte zeigt Erdrutsch-Gefahrenzonen, die 6,5 Millionen Amerikaner bedrohen. Wissenschaftler haben eine eindringliche Warnung herausgegeben, nachdem sie herausgefunden haben, dass 6,5 Millionen Amerikaner in Gebieten leben, in denen die Gefahr potenziell tödlicher Erdrutsche besteht.",Chilling map exposes landslide danger zones threatening 6.5 million Americans. Scientists have issued a dire warning after discovering 6.5 million Americans live on terrain at risk of potentially deadly landslides.,Tabula infrigidans in zonis periculis labentis exponit 6.5 decies centena millia Americanorum. Scientistae gravem admonitionem edixerunt postquam 6.5 miliones Americani in terra vivunt in periculo potentialiter proruit mortiferum.,2026-08-10 15:59:11+00:00
7a1a97daaf50de2c8604e78c622c6c9a,2026-08-11T08:07:13Z,'rockfall',punchng.com,en,0.9,14 clandestine miners killed in disused S’Africa mine,"Fourteen clandestine miners died and eight were injured in a rockfall at a disused South Africa mine. Learn more about the perilous conditions faced by ill

Read More: https://punchng.com/14-clandestine-miners-killed-in-disused-safrica-mine/",https://punchng.com/14-clandestine-miners-killed-in-disused-safrica-mine/,https://punchng.com/wp-content/uploads/2026/06/south-african-flag_1782345859.webp,,"Fourteen clandestine miners were killed and eight seriously hurt after a rockfall in a disused mine in South Africa where they were working, police said Tuesday.
There were no details yet of the min… [+1004 chars]",,"14 illegale Bergleute in stillgelegter S’Africa-Mine getötet. Bei einem Steinschlag in einer stillgelegten südafrikanischen Mine kamen 14 illegale Bergleute ums Leben und acht wurden verletzt. Erfahren Sie mehr über die gefährlichen Bedingungen, denen Kranke ausgesetzt sind

Lesen Sie mehr: https://punchng.com/14-clandestine-miners-killed-in-disused-safrica-mine/","14 clandestine miners killed in disused S’Africa mine. Fourteen clandestine miners died and eight were injured in a rockfall at a disused South Africa mine. Learn more about the perilous conditions faced by ill

Read More: https://punchng.com/14-clandestine-miners-killed-in-disused-safrica-mine/","14 Fossores clandestinae in desueto S'Africa mea interfecti sunt. Quattuordecim fossores clandestinae mortui sunt et octo vulnerati sunt in scopulo in usore Africae meridionalis. Plus discere de conditionibus periculosis adversus male

Lege More: https://punchng.com/14-clandestine-miners-killed-in-disused-safrica-mine/",2026-08-12 10:59:51+00:00
c71497e6e8a9906cc21efa4c9438105a,2026-08-10T11:06:22Z,'landslide rain',www.aljazeera.com,en,0.9,"Powerful Typhoon Dolphin hits China, prompting flood and landslide warnings","Typhoon Dolphin struck eastern China, affecting millions with strong winds, heavy rain, and massive waves.",https://www.aljazeera.com/gallery/2026/8/10/powerful-typhoon-dolphin-hits-china-prompting-flood-and-landslide-warnings,https://www.aljazeera.com/wp-content/uploads/2026/08/AFP__20260810__C4AQ2G4__v3__HighRes__TopshotChinaWeatherTyphoon-1786348006.jpg?resize=1920%2C1440,,"Typhoon Dolphin made landfall on Chinas eastern coast on Sunday evening, bringing strong winds, heavy rain and large waves after authorities evacuated hundreds of thousands of people and Shanghai air… [+989 chars]",,"Der mächtige Taifun Dolphin trifft China und löst Überschwemmungs- und Erdrutschwarnungen aus. Der Taifun Dolphin hat Ostchina heimgesucht und Millionen von Menschen mit starken Winden, starkem Regen und gewaltigen Wellen getroffen.","Powerful Typhoon Dolphin hits China, prompting flood and landslide warnings. Typhoon Dolphin struck eastern China, affecting millions with strong winds, heavy rain, and massive waves.","Typhon potens Delphin Sinas ferit, instigans gurgitem Et monita proruit. Typhon Delphinus Eoo Sinas percussit, decies validis afficiens ventis, imbre gravi, undas ingentes.",2026-08-12 15:57:55+00:00
e96009f3a9e07da913aefc0498c54559,2026-08-11T14:07:37Z,'rock fall',economictimes.indiatimes.com,en,0.9,"Himachal rain fury: Over 200 roads closed, landslides hit Shimla; wet spell likely till Aug 17",Himachal Pradesh faces widespread disruption as over 200 roads are closed due to heavy rains.  The state emergency center reported significant damage to water supply schemes and transformers.  One person died and two were injured after a rockfall incident in …,https://economictimes.indiatimes.com/news/india/himachal-rain-fury-over-200-roads-closed-landslides-hit-shimla-wet-spell-likely-till-aug-17/articleshow/133157280.cms,"https://img.etimg.com/thumb/msid-133157289,width-1200,height-630,imgsize-135882,overlay-economictimes/articleshow.jpg",,"Shimla: Over 200 roads were closed in Himachal Pradesh following torrential rains, and the Shimla Meteorological Office has predicted a wet spell in the state till August 17.A total of 204 roads were… [+2039 chars]",,"Regensturm in Himachal: Über 200 Straßen gesperrt, Erdrutsche erschüttern Shimla; Regenperiode wahrscheinlich bis zum 17. August. Himachal Pradesh ist mit weitreichenden Störungen konfrontiert, da über 200 Straßen wegen starker Regenfälle gesperrt sind.  Die staatliche Notrufzentrale meldete erhebliche Schäden an Wasserversorgungssystemen und Transformatoren.  Eine Person starb und zwei wurden nach einem Steinschlag in … verletzt.","Himachal rain fury: Over 200 roads closed, landslides hit Shimla; wet spell likely till Aug 17. Himachal Pradesh faces widespread disruption as over 200 roads are closed due to heavy rains.  The state emergency center reported significant damage to water supply schemes and transformers.  One person died and two were injured after a rockfall incident in …",Himachal pluvia furor: Per 200 vias clausas proruit Shimla ferire; carmine humido probabile usque ad Aug. 17. Himachal Pradesh facies disrumptionis late diffusae sicut supra 200 viae ob imbribus clausae sunt.  Status subitis centrum nuntiavit damnum significans copia machinarum et transformatorum aquarum.  Unus homo mortuus est et duo vulnerati sunt post rupem incidentem in ...,2026-08-12 20:41:02+00:00
c663fdbf38a30203ff78b03ecec05e7d,2026-08-11T11:47:31Z,'rockfall',www.dailymail.com,en,0.9,Teenage boy risks his life by posing for photo on edge of 150ft crumbling cliffs made famous by Broadchurch - despite safety warnings over massive rockfall,"The coastline at West Bay in Dorset, which famously featured in ITV crime drama Broadchurch , is a popular but dangerous tourist attraction which is prone to regular rockfalls.",https://www.dailymail.com/news/article-16043891/Teenage-boy-risks-life-posing-photo-cliffs-famous-Broadchurch-safety-warnings-massive-rockfall.html,https://i.dailymail.com/1s/2026/08/11/12/110558001-0-image-m-17_1786448804511.jpg,http://web.archive.org/web/20260811202839/https://www.dailymail.com/news/article-16043891/Teenage-boy-risks-life-posing-photo-cliffs-famous-Broadchurch-safety-warnings-massive-rockfall.html,"A teenage boy has risked his life by posing for a photo on the edge of a crumbling 150ft seaside cliff.
The coastline at West Bay in Dorset, which famously featured in ITV crime drama Broadchurch, i… [+4091 chars]",,"Teenager riskiert sein Leben, indem er für ein Foto am Rande der 150 Fuß hohen, bröckelnden Klippen posiert, die durch Broadchurch berühmt geworden sind – trotz Sicherheitswarnungen wegen massivem Steinschlag. Die Küste von West Bay in Dorset, die in der ITV-Krimiserie „Broadchurch“ eine wichtige Rolle spielte, ist eine beliebte, aber gefährliche Touristenattraktion, die regelmäßig zu Steinschlägen neigt.","Teenage boy risks his life by posing for photo on edge of 150ft crumbling cliffs made famous by Broadchurch - despite safety warnings over massive rockfall. The coastline at West Bay in Dorset, which famously featured in ITV crime drama Broadchurch , is a popular but dangerous tourist attraction which is prone to regular rockfalls.","Puer teenage vitam suam periclitatur ponendo pro foto in ore 150ft rupium putribilium per Broadchurch factarum clarorum - quamquam salutis monita super molem scopuli. Ora maritima ad Sinus occidentales in Dorset, quod in ITV dramate Broadchurch inclite positum est, popularis sed periculosa est VIATOR attractio, quae ad saxa iustorum prona est.",2026-08-13 20:39:36+00:00
9a23037fdbd90e0d97294054fbf43eba,2026-08-03T05:36:46Z,'landslide charity',www.thehindubusinessline.com,en,0.3,"Fourteen dead, thousands displaced as rains, floods strike southern India","Heavy rains also forced closures of many ‌schools across the state, while the government ​postponed a state-level teacher recruitment exam",https://www.thehindubusinessline.com/news/national/fourteen-dead-thousands-displaced-as-rains-floods-strike-southern-india/article71299915.ece,https://bl-i.thgim.com/public/incoming/9ks3gj/article71299992.ece/alternates/LANDSCAPE_1200/PTI08_02_2026_000394B.jpg,,"Heavy rains and floods battered parts of southern India over the weekend, killing at least 11 and displacing thousands in the state of Kerala, and setting off a landslide that killed at least three i… [+924 chars]",,"Vierzehn Tote, Tausende Vertriebene durch Regenfälle und Überschwemmungen im Süden Indiens. Starke Regenfälle erzwangen außerdem die Schließung vieler Schulen im ganzen Bundesstaat, während die Regierung eine staatliche Einstellungsprüfung für Lehrer verschob","Fourteen dead, thousands displaced as rains, floods strike southern India. Heavy rains also forced closures of many ‌schools across the state, while the government ​postponed a state-level teacher recruitment exam","Quattuordecim milia mortua, sicut pluviae, inundationes Indiam meridianam percutiunt. Imbres etiam multarum scholarum commissuras per rempublicam coactae sunt, dum regimen civitatis gradum magister cooptatione exami distulit.",2026-08-14 06:11:59+00:00
2838238ae3201f7f367276874d84ee91,2026-08-11T10:51:09Z,'landslide death',www.globalsecurity.org,en,0.7,"US House Launches Push For Sweeping Russia, Iran Sanctions Bill After Senate Landslide","The US House of Representatives moved to advance a sweeping Russia and Iran sanctions package on August 10, just days after the Senate approved it by an overwhelming 86-11 vote, opening the next phase of a congressional push to squeeze Moscow's war economy an…",https://www.globalsecurity.org/wmd/library/news/russia/2026/08/russia-260811-rferl01.htm,,,"By Alex Raufoglu August 11, 2026
The US House of Representatives moved to advance a sweeping Russia and Iran sanctions package on August 10, just days after the Senate approved it by an overwhelming… [+11291 chars]",,"Nach Erdrutsch im Senat drängt das US-Repräsentantenhaus auf ein umfassendes Sanktionsgesetz gegen Russland und den Iran. Das US-Repräsentantenhaus hat am 10. August beschlossen, ein umfassendes Sanktionspaket gegen Russland und den Iran vorzulegen, nur wenige Tage nachdem der Senat es mit einer überwältigenden Mehrheit von 86 zu 11 gebilligt hatte.","US House Launches Push For Sweeping Russia, Iran Sanctions Bill After Senate Landslide. The US House of Representatives moved to advance a sweeping Russia and Iran sanctions package on August 10, just days after the Senate approved it by an overwhelming 86-11 vote, opening the next phase of a congressional push to squeeze Moscow's war economy an…","US Domus Launches ventilabis pro Rapiente Russia, Irania Bill Post senatum Landslide. Legatorum Domus US movit ad promovendam Russiam et Irania sanctiones sarcinas die X Augusti, proxime post dies, quam Senatus approbavit suffragio nimio 86-11, aperiens proximam periodum Concilii impulsum ad exprimendum oeconomiam belli Moscuensis ...",2026-08-14 06:11:59+00:00
