,phrase,label,sentiment,subjectivity,language,count
Indonesia,,,,,,
Nepal,,,,,,
China,,,,,,
New Zealand,,,,,,
Japan,,,,,,
India,,,,,,
Bangladesh,,,,,,
Sumatra,,,,,,
West Java,,,,,,
Philippines,,,,,,
Mount Maunganui,,,,,,
Hungary,,,,,,
Jakarta,,,,,,
Kerala,,,,,,
Mumbai,,,,,,
Alaska,,,,,,
West Bandung,,,,,,
Aceh,,,,,,
Chongqing,,,,,,
B.C.,,,,,,
Sicily,,,,,,
Sri Lanka,,,,,,
US,,,,,,
Congo,,,,,,
UK,,,,,,
Tibet,,,,,,
Kathmandu,,,,,,
North Island,,,,,,
California,,,,,,
Pradesh,,,,,,
West Sumatra,,,,,,
Vietnam,,,,,,
Kenya,,,,,,
Cisarua,,,,,,
Pune,,,,,,
Arunachal,,,,,,
Jammu,,,,,,
North Sumatra,,,,,,
Tauranga,,,,,,
Ethiopia,,,,,,
Uganda,,,,,,
Britain,,,,,,
Texas,,,,,,
Niscemi,,,,,,
Bandung,,,,,,
Central Java,,,,,,
Kashmir,,,,,,
Rubaya,,,,,,
Uttarakhand,,,,,,
Rolpa,,,,,,
U.S.,,,,,,
Barcelona,,,,,,
Brazil,,,,,,
Peru,,,,,,
Jomsom,,,,,,
Myagdi,,,,,,
Taiwan,,,,,,
TOKYO,,,,,,
Earth,,,,,,
BEIJING,,,,,,
Himachal,,,,,,
Meghalaya,,,,,,
Afghanistan,,,,,,
New Zealand's,,,,,,
Bulgaria,,,,,,
Maharashtra,,,,,,
Australia,,,,,,
Myanmar,,,,,,
Old Fort,,,,,,
Wayanad district,,,,,,
DHAKA,,,,,,
Guwahati,,,,,,
Big Sur,,,,,,
America,,,,,,
Narayangadh,,,,,,
Kalladi,,,,,,
Iran,,,,,,
New York,,,,,,
Magyar,,,,,,
West Java province,,,,,,
Darjeeling,,,,,,
Portugal,,,,,,
NEW DELHI,,,,,,
Java island,,,,,,
the Democratic Republic of Congo,,,,,,
Russia,,,,,,
Europe,,,,,,
Chile,,,,,,
Squamish,,,,,,
Pasirlangu Village,,,,,,
WELLINGTON,,,,,,
Italy,,,,,,
Tanzania,,,,,,
Wayanad,,,,,,
Benin,,,,,,
Kandy,,,,,,
Cameroon,,,,,,
Taman United,,,,,,
West Bengal,,,,,,
NZ,,,,,,
Nagaland,,,,,,
Nigeria,,,,,,
Cross River,,,,,,
Dhaka,,,,,,
Muglin,,,,,,
Chitwan,,,,,,
Moscow,,,,,,
New Jersey,,,,,,
Colombia,,,,,,
Arunachal Pradesh,,,,,,
Canada,,,,,,
Jhapa-5,,,,,,
Laitlyngkot village,,,,,,
Mon district,,,,,,
Fort St. John,,,,,,
Chinas,,,,,,
Dibang Valley,,,,,,
the Central African Republic,,,,,,
SYDNEY,,,,,,
Alps,,,,,,
HANOI,,,,,,
Nepals,,,,,,
the United States,,,,,,
Kentucky,,,,,,
Wellington,,,,,,
Panchthar,,,,,,
Jamaica,,,,,,
the Kaligandaki Corridor,,,,,,
Indonesias Sumatra,,,,,,
Beni,,,,,,
DRC,,,,,,
Sankhuwasabha,,,,,,
Whistler Blackcomb,,,,,,
Clackamas County,,,,,,
Nawalapitiya,,,,,,
Cameron Highlands,,,,,,
Michigan,,,,,,
Rift Valley,,,,,,
Lamjung,,,,,,
Karnataka,,,,,,
Sri Lanka's,,,,,,
Tokyo,,,,,,
Orbán,,,,,,
Laos,,,,,,
Ore.,,,,,,
PORTLAND,,,,,,
earth,,,,,,
Annapurna Rural,,,,,,
Hetauda,,,,,,
Gansu,,,,,,
Asia,,,,,,
Malaysia,,,,,,
Corfu,,,,,,
BJP,,,,,,
Khabarhub,,,,,,
Miami,,,,,,
London,,,,,,
NAIROBI,,,,,,
Himalayas,,,,,,
LONDON,,,,,,
Virginia,,,,,,
Munnar,,,,,,
Anini,,,,,,
Bengal,,,,,,
Lions Bay,,,,,,
LOS ANGELES,,,,,,
Bharengdanda,,,,,,
Risang,,,,,,
Democratic Republic of Congo,,,,,,
Korala,,,,,,
B.C,,,,,,
ROME,,,,,,
Shimla,,,,,,
Amazon,,,,,,
Ilam,,,,,,
Kazakhstan,,,,,,
South Australia,,,,,,
Chamoli,,,,,,
BANDUNG,,,,,,
Kolkata,,,,,,
Seputeh,,,,,,
Solomon Islands,,,,,,
WASHINGTON,,,,,,
Kavrepalanchok,,,,,,
MANILA,,,,,,
Calabar,,,,,,
U.K.,,,,,,
Shillong,,,,,,
Taplejung,,,,,,
Cebu,,,,,,
Washington,,,,,,
Caribbean,,,,,,
Israel,,,,,,
South Korea,,,,,,
Mexico,,,,,,
Guinea,,,,,,
Victoria,,,,,,
Greece,,,,,,
Haiti,,,,,,
Ireland,,,,,,
Scotland,,,,,,
Gansu Province,,,,,,
New Delhi,,,,,,
New York City,,,,,,
Germany,,,,,,
British Columbia,,,,,,
the Kali Gandaki Corridor,,,,,,
Rambukella,,,,,,
Pengshui County,,,,,,
Vikhroli,,,,,,
Kurla,,,,,,
Teluk Akuan,,,,,,
Felcra Seri Bandi,,,,,,
Pengshui county,,,,,,
Alberta,,,,,,
Gyeongsang province,,,,,,
East Khasi Hills,,,,,,
Boca Raton,,,,,,
South Korea's,,,,,,
Geoje,,,,,,
Poonch district,,,,,,
North Tapanuli,,,,,,
Goa,,,,,,
Canmore,,,,,,
Sikkim,,,,,,
Pynursla,,,,,,
Bagmati,,,,,,
Berlin,,,,,,
Rockies,,,,,,
Iowa,,,,,,
Ondo State,,,,,,
Venezuela,,,,,,
Sarawak,,,,,,
Fisling,,,,,,
SAN,,,,,,
Himachal Pradesh,,,,,,
Mizoram,,,,,,
Quebec,,,,,,
Plateau State,,,,,,
the Blue Mountains,,,,,,
Auckland,,,,,,
CHONGQING,,,,,,
Dorset,,,,,,
Calif.,,,,,,
Mundakkai-Chooralmala,,,,,,
Sayward,,,,,,
Sirmaur,,,,,,
KATHMANDU,,,,,,
Jajarkot,,,,,,
Preveza,,,,,,
Arta,,,,,,
Ioannina,,,,,,
monsoon,,,,,,
Zhejiang,,,,,,
Tura,,,,,,
Banjarnegara District,,,,,,
Sydney,,,,,,
Kyushu,,,,,,
Trimbakeshwar,,,,,,
Shanghai,,,,,,
Nuwakot,,,,,,
Cilacap District,,,,,,
Doda district,,,,,,
Java,,,,,,
JAKARTA,,,,,,
Upper Subansiri,,,,,,
Wales,,,,,,
Minnesota,,,,,,
Thabang,,,,,,
Rundle Rock,,,,,,
Higos,,,,,,
the Bay of Plenty,,,,,,
Koyna dam,,,,,,
West ...,,,,,,
Muglin-Narayangadh,,,,,,
Loliem,,,,,,
Jalan,,,,,,
Lumut,,,,,,
Kelowna,,,,,,
Penticton,,,,,,
Bhagamandala,,,,,,
Cuba,,,,,,
Argentina,,,,,,
Beijing,,,,,,
Colorado,,,,,,
Liverpool,,,,,,
Bakaiya Rural,,,,,,
British Columbia's,,,,,,
Namibia,,,,,,
Mount Arapiles,,,,,,
Indiana,,,,,,
Arizona,,,,,,
Brooklyn,,,,,,
Montana,,,,,,
Los Angeles,,,,,,
North Kivu,,,,,,
Pinnalanda,,,,,,
Ankumbura,,,,,,
Sirubari,,,,,,
the North Island,,,,,,
Pernem,,,,,,
Tempur Village,,,,,,
the eastern Democratic Republic of the Congo,,,,,,
Ppmoa,,,,,,
Zealand,,,,,,
West,,,,,,
Kremlin,,,,,,
Switzerland,,,,,,
Blatten,,,,,,
Gwynedd,,,,,,
Northland,,,,,,
Campground,,,,,,
Amelia Island,,,,,,
Welches,,,,,,
Salmon River Trailhead,,,,,,
JPBD,,,,,,
the Badulla Haldummulla Police Division,,,,,,
Pakistan,,,,,,
SINGAPORE,,,,,,
SA,,,,,,
Indonesias,,,,,,
Gamo Zone,,,,,,
Jepara District,,,,,,
Kogi,,,,,,
New Bangladesh,,,,,,
Gallanthenna,,,,,,
Manjung,,,,,,
Adelaide,,,,,,
Pacific,,,,,,
pune,,,,,,
Whistler,,,,,,
Erzincan,,,,,,
MOUNT MAUNGANUI,,,,,,
Bhimphedi Rural Municipality-8,,,,,,
the Roshi River,,,,,,
Mauao,,,,,,
Shizuoka City,,,,,,
Galaha,,,,,,
Dubai,,,,,,
Phoenix,,,,,,
Kampala,,,,,,
Manhattan,,,,,,
Morocco,,,,,,
The City of Whitehorse,,,,,,
JUNEAU,,,,,,
Mount Burangrang,,,,,,
South Florida,,,,,,
Amman,,,,,,
WEST BANDUNG,,,,,,
Singapore,,,,,,
South Carolina,,,,,,
the Klang Valley,,,,,,
Fort,,,,,,
Calabar municipality,,,,,,
The United Arab Emirates,,,,,,
Tochigi Prefecture,,,,,,
Ashikaga,,,,,,
Panidhara,,,,,,
Kharghuli,,,,,,
landslide lake,,,,,,
Cincinnati,,,,,,
Koshi,,,,,,
Aberdeenshire,,,,,,
Chongqing province,,,,,,
landsli,,,,,,
Makawanpur,,,,,,
Jaimini,,,,,,
Peth,,,,,,
Dublin,,,,,,
Gujarat,,,,,,
Delhi,,,,,,
Sichuan province,,,,,,
Shiga Prefecture,,,,,,
Koka,,,,,,
Cox,,,,,,
Meppady,,,,,,
Bay of Bengal,,,,,,
Banjarnegara,,,,,,
Bhimphedi Rural,,,,,,
the Kanti Lokpath,,,,,,
Danakgre,,,,,,
Cibeunying Village,,,,,,
Spain,,,,,,
Udhampur,,,,,,
Mount St. Helens,,,,,,
Lungri Rural Municipality,,,,,,
Fukushima Prefecture,,,,,,
Iwaki,,,,,,
Frank,,,,,,
Turtle Mountain,,,,,,
Lake,,,,,,
Shigatse,,,,,,
Dablyang,,,,,,
Baglung Municipality-10,,,,,,
Gyirong Port,,,,,,
the Goûter Couloir,,,,,,
Tribeni Municipality-9,,,,,,
Zamboi,,,,,,
Koolan Island,,,,,,
Bheri Municipality-2,,,,,,
Tuin Khola,,,,,,
Bheri Municipality,,,,,,
Thawang Rural Municipality-5,,,,,,
Kotalbara,,,,,,
Cross River State,,,,,,
West Bay,,,,,,
South Africa,,,,,,
Kolhapur,,,,,,
Dehradun,,,,,,
Uttarkashi,,,,,,
Indias Kerala,,,,,,
North Bengal,,,,,,
Kananaskis Country,,,,,,
Karnali,,,,,,
Trabzon,,,,,,
Kyoto Prefecture,,,,,,
Seika,,,,,,
Ladakh,,,,,,
Tanah Rata,,,,,,
Kimathanka,,,,,,
Khandbari,,,,,,
Periya Nadiyavatta,,,,,,
Golden,,,,,,
Mahagiridamba,,,,,,
Sri Pada,,,,,,
Alameda County,,,,,,
Yangwarak Rural Municipality,,,,,,
Balee Panah Village,,,,,,
Bireuen District,,,,,,
Rivers State,,,,,,
the Mount Maunganui Beachside Holiday Park,,,,,,
Alaskan fiord,,,,,,
N.B.,,,,,,
Bagmati Rural Municipality-4,,,,,,
Pangdur,,,,,,
Kano,,,,,,
Miri,,,,,,
Berannawa,,,,,,
Thennawatta,,,,,,
Munich,,,,,,
Toronto,,,,,,
the Pacific Northwest,,,,,,
Alabama,,,,,,
the Hunnasgiriya area,,,,,,
Udu Dumbara,,,,,,
Kandy District,,,,,,
Grand Falls,,,,,,
Padang Panjang,,,,,,
Kansai,,,,,,
Gangekumbura,,,,,,
Padang Besar,,,,,,
Kelantan,,,,,,
Taman Bukit Maju,,,,,,
Kodagu,,,,,,
New Vaddem,,,,,,
Botanical Garden,,,,,,
Shillong-Dawki,,,,,,
Pomlum village,,,,,,
Vancouver Island,,,,,,
Pandanarum Village,,,,,,
Padang,,,,,,
Khasi Hills,,,,,,
Mt Maunganui,,,,,,
MEDAN,,,,,,
Manang,,,,,,
the Karnali Corridor,,,,,,
Kalikot,,,,,,
Troedrhiwfuwch,,,,,,
Southeast Asia,,,,,,
Tokushima Prefecture,,,,,,
Hashikura,,,,,,
Tsubojiri,,,,,,
South-East Asia,,,,,,
Tokushima,,,,,,
Peradeniya,,,,,,
Sarasavigama,,,,,,
Kilauea,,,,,,
Atlanta,,,,,,
Utah,,,,,,
Typhoon Bualoi,,,,,,
Ichchakamana Rural Municipality-3,,,,,,
Chumkhola,,,,,,
Sukabumi District,,,,,,
West Ham,,,,,,
Tasmania,,,,,,
N.J.,,,,,,
MORRISTOWN,,,,,,
Sea,,,,,,
Jalbire,,,,,,
Sumatra island,,,,,,
Brighton Township,,,,,,
Irvine,,,,,,
Andhra Pradesh,,,,,,
Western Bay,,,,,,
Chyangthapu,,,,,,
Charlotte,,,,,,
Ampang,,,,,,
Taman Bukit Teratai,,,,,,
Herzliya,,,,,,
New South Wales,,,,,,
Yukon,,,,,,
Bay of Plenty,,,,,,
Parks Canada,,,,,,
Valdez,,,,,,
Yangwarak Rural,,,,,,
Sichuan,,,,,,
Bar Italia,,,,,,
NEW YORK,,,,,,
POZA RICA,,,,,,
NC,,,,,,
Blacktopping,,,,,,
Atlantic,,,,,,
Kosovo,,,,,,
Vetevendosje,,,,,,
BUDAPEST,,,,,,
Thailand,,,,,,
Zagori,,,,,,
Western Greece,,,,,,
Filiates,,,,,,
Gaza,,,,,,
Türkiye,,,,,,
Trans Mountain,,,,,,
Green Run,,,,,,
Poza Rica,,,,,,
Washington D.C.,,,,,,
Ivory Coast,,,,,,
Lasti,,,,,,
HONG KONG,,,,,,
New York's,,,,,,
Studio City,,,,,,
Turkish Cyprus,,,,,,
Maryland,,,,,,
France,,,,,,
Karjat,,,,,,
Changed America’s Viewing Habits,,,,,,
Kolasib,,,,,,
Moab,,,,,,
Staffordshire,,,,,,
Bitcoin,,,,,,
Lonavla,,,,,,
Alrewas,,,,,,
Mech,,,,,,
Philadelphia,,,,,,
boulder,,,,,,
Manchester,,,,,,
Madikeri,,,,,,
New Hampshire,,,,,,
Bow Glacier Falls,,,,,,
Tons river,,,,,,
Lifeguard,,,,,,
Calabar Municipality,,,,,,
"the East Coast
",,,,,,
CSDS,,,,,,
Typhoon Fung-wong,,,,,,
Lanao del Sur,,,,,,
Typhoon Bavi,,,,,,
Lonavala,,,,,,
Banff,,,,,,
Mount Fuji’s,,,,,,
B.C.s southern Interior,,,,,,
Lake Louise,,,,,,
Ilam Municipality-9,,,,,,
killedandseven,,,,,,
Pithoragarh,,,,,,
Indonesias North Sumatra,,,,,,
Plent,,,,,,
Zambia,,,,,,
Amhara,,,,,,
Lumbini,,,,,,
Ballarat,,,,,,
Gunji,,,,,,
instabili,,,,,,
Garbadhar,,,,,,
Dharchula,,,,,,
Nepalthok,,,,,,
Khurkot,,,,,,
Pengs,,,,,,
Brighton Township BRIGHTON TOWNSHIP,,,,,,
Tambov Region,,,,,,
Pa.,,,,,,
Belem,,,,,,
the north east,,,,,,
Edinburgh,,,,,,
Pengshui,,,,,,
the Western Ghats,,,,,,
Mount Fujis July,,,,,,
Latin America,,,,,,
Morristown,,,,,,
JCB,,,,,,
New York City’s,,,,,,
Rohingya refugee,,,,,,
Seismic Zone,,,,,,
Cila,,,,,,
New northwest,,,,,,
Modi,,,,,,
New York Yanke,,,,,,
Pune-Mumbai Missing Link,,,,,,
Kochi,,,,,,
Klang,,,,,,
KUALA LUMPUR:,,,,,,
Marica,,,,,,
Morbe dam catchment,,,,,,
Kyoto,,,,,,
Khalapur,,,,,,
Central Railway,,,,,,
Bhor Ghat,,,,,,
the Karjat-Lonavala Bhor Ghat,,,,,,
Karjat-Lonavala,,,,,,
Helena Bay,,,,,,
Cwmt,,,,,,
Tzoumerka,,,,,,
the Bay of Bengal,,,,,,
a Bay of Bengal,,,,,,
Cibeunying village,,,,,,
Satara-Kolhapur,,,,,,
Lower Siang,,,,,,
Garut,,,,,,
Kawama,,,,,,
Lualaba Province,,,,,,
Bhor-Mahad,,,,,,
Gujarat Bhavan,,,,,,
Cilacap,,,,,,
Southern China,,,,,,
Lyskamm,,,,,,
Thathri,,,,,,
N.Y.,,,,,,
New York Citys,,,,,,
Monsoon batters Delhi,,,,,,
Storm Babet,,,,,,
Tanchang County,,,,,,
NJ,,,,,,
the Ionian Islands,,,,,,
Sakleshpur,,,,,,
Lohit,,,,,,
New Jersey's,,,,,,
District,,,,,,
Bangladeshs,,,,,,
Dhar district,,,,,,
Madhya Pradesh's,,,,,,
Senegal,,,,,,
Southwest China,,,,,,
the Sichuan Province,,,,,,
inRajouri,,,,,,
MaldhungaBeniMustang,,,,,,
forts,,,,,,
Agra,,,,,,
Kasara Ghat,,,,,,
Tunga dam gates,,,,,,
Jalpaiguri,,,,,,
Kalimpong,,,,,,
Coxs Bazar,,,,,,
BOGOTA,,,,,,
Vlasic,,,,,,
Mananthavady,,,,,,
missingafter,,,,,,
north island,,,,,,
Poonchdistricts,,,,,,
offic,,,,,,
Thawang,,,,,,
Andhra,,,,,,
Flores,,,,,,
BUENOS AIRES,,,,,,
the Republic of Ireland,,,,,,
Puerto Rico,,,,,,
SAN JUAN,,,,,,
Western Australia's,,,,,,
Arctic,,,,,,
the National Oceanic,,,,,,
S. Korea,,,,,,
Penang,,,,,,
Lake Chehalis,,,,,,
East,,,,,,
South East Asia,,,,,,
Pashu Pani,,,,,,
Balik Pulau,,,,,,
Srinagar,,,,,,
Santa Cruz,,,,,,
MUMBAI,,,,,,
Indias,,,,,,
Mahabaleshwar,,,,,,
Jersey,,,,,,
Thabang Rural,,,,,,
Trenton,,,,,,
Bahamas,,,,,,
Gouter,,,,,,
Tête Rousse,,,,,,
Melissa,,,,,,
Sribhumi,,,,,,
Saryu river,,,,,,
Saryu River,,,,,,
Kapkot-Bageshwar,,,,,,
fl…,,,,,,
Glacier National Park,,,,,,
Koti,,,,,,
Cyprus,,,,,,
Oliver,,,,,,
Mexicos,,,,,,
municip,,,,,,
Sonapur,,,,,,
Bidur,,,,,,
NEPAL,,,,,,
the Trishuli river,,,,,,
Pani Wala Bend,,,,,,
Udyuda village,,,,,,
Pyongyang,,,,,,
Mathgharia area,,,,,,
Assam,,,,,,
Underpass,,,,,,
MEXICO CITY,,,,,,
le…,,,,,,
the Lao Cairns Province,,,,,,
Netherlands,,,,,,
Kangra,,,,,,
Mount Rainier,,,,,,
Central Africa,,,,,,
the Central African Republic's,,,,,,
Zamboye,,,,,,
Cam,,,,,,
the Wild West,,,,,,
Tilordhar,,,,,,
Zamboï,,,,,,
worl,,,,,,
Tibet Border,,,,,,
monsoon rains,,,,,,
Narino,,,,,,
Colombias,,,,,,
Ouattara,,,,,,
Ivory Coast's,,,,,,
Tehran,,,,,,
the Garden State,,,,,,
Valtonera,,,,,,
Amyntaio,,,,,,
England,,,,,,
Ondo,,,,,,
Marakwet East,,,,,,
accordi,,,,,,
Black River,,,,,,
Black River Market,,,,,,
Phaparkhet,,,,,,
Lahaul-Spiti,,,,,,
Benibazaar,,,,,,
Darbang,,,,,,
Monsoon,,,,,,
Pisa,,,,,,
Kavrepala,,,,,,
Nashik,,,,,,
Central Vietnam,,,,,,
Solomon Islands's,,,,,,
Bethune-Cookman,,,,,,
Volusia County Fire Rescue,,,,,,
Volusia County,,,,,,
Murchison,,,,,,
San Francisco,,,,,,
NYC,,,,,,
Ashikaga Landslide,,,,,,
Tanzanias,,,,,,
Co Wicklow,,,,,,
Poonch,,,,,,
Namchi district,,,,,,
Kogi State,,,,,,
Ahilyanagar,,,,,,
UAE,,,,,,
Pani Wala bend,,,,,,
Nuristan,,,,,,
Sindhuli,,,,,,
Kagbeni-Korala road,,,,,,
the Solomon Islands WELLINGTON,,,,,,
Kananaskis,,,,,,
S’Africa,,,,,,
Crawley,,,,,,
ADDIS ABABA,,,,,,
Ethiopias,,,,,,
Plateau,,,,,,
Kethikal hill,,,,,,
Mangaluru,,,,,,
Hyderabad,,,,,,
Kantilokpath,,,,,,
Kukas,,,,,,
Papua New Guinea's,,,,,,
Kinnaur,,,,,,
CUBA,,,,,,
Hollywood,,,,,,
east coast,,,,,,
eastern coast,,,,,,
Florina,,,,,,
Municipality-2,,,,,,
Raghuganga Rural,,,,,,
Baisari,,,,,,
Erattupetta,,,,,,
Alta.,,,,,,
Sangurigadhi,,,,,,
restr,,,,,,
Kottayam,,,,,,
Roshi Rural Municipality,,,,,,
Cauvery,,,,,,
Meenachil River,,,,,,
Vadodaras,,,,,,
Tuin Khola bridge,,,,,,
Nagpur,,,,,,
Kallar-Ponmudi,,,,,,
mo…,,,,,,
The South-West monsoon,,,,,,
Enga Pr,,,,,,
the Goulburn Valley,,,,,,
Caerphilly,,,,,,
Maachi,,,,,,
St. Elias Mountains,,,,,,
​eastern ‌Democratic Republic of ⁠Congo,,,,,,
Democratic Republic of Con,,,,,,
Bihar,,,,,,
Democratic Republic of the,,,,,,
The Democratic Republic of Congo,,,,,,
The Democratic Republic of Congos,,,,,,
Cambria,,,,,,
Kathmandu Metropolitan City,,,,,,
Carmel,,,,,,
Florida,,,,,,
Hagerty,,,,,,
SUR,,,,,,
the Sand River,,,,,,
Hawaii,,,,,,
Kashebere,,,,,,
East Aceh,,,,,,
the St. Elias Mountains,,,,,,
the Gamo Zone,,,,,,
the Pacific Northwest's,,,,,,
Rock Hill,,,,,,
Mangala Rural,,,,,,
Yoweri,,,,,,
Leggi DHAKA,,,,,,
Jepara,,,,,,
Noida,,,,,,
Sumatra&mdash;Aceh,,,,,,
Pimpri Chinchwad,,,,,,
Sidna Ali beach,,,,,,
Sidna Ali Beach,,,,,,
Akwa Ibom State,,,,,,
Cascadia,,,,,,
S… Crikey,,,,,,
Mount Maunganui Lifeguard,,,,,,
the Main Beach,,,,,,
S’wak,,,,,,
Sabah,,,,,,
Myagdi District,,,,,,
Greenland,,,,,,
the Abalone Cove,,,,,,
İliç district,,,,,,
Southern California,,,,,,
Rancho Palos Verdes,,,,,,
Democratic Republic of the Congo,,,,,,
H.,,,,,,
Fraser Valley,,,,,,
the Chilliwack River Valley,,,,,,
the Fraser Valley,,,,,,
Roshi River,,,,,,
Fukuoka,,,,,,
Bellingham,,,,,,
2028All,,,,,,
East Africa,,,,,,
East Af,,,,,,
the Potomac River,,,,,,
Dallas,,,,,,
zakat,,,,,,
Chicago,,,,,,
Nisc,,,,,,
Mexico City,,,,,,
Auburn Hills Avondale,,,,,,
Rockford,,,,,,
Avondale,,,,,,
East Lansing,,,,,,
Auburn Hills,,,,,,
Tuin River,,,,,,
Lokoja,,,,,,
Kishtwar,,,,,,
JAMMU,,,,,,
Sinthan,,,,,,
Ki… JAMMU,,,,,,
Cospicua,,,,,,
Denmark,,,,,,
Mangala Rural Municipality–2,,,,,,
Islamabad,,,,,,
Pavagadh hill,,,,,,
trans-Sumatra,,,,,,
Indonesias West Bandung,,,,,,
the Mount Maunganui,,,,,,
‌North Island,,,,,,
Mount Maunganui Beachside Holiday Park,,,,,,
New Zealand Rescue,,,,,,
the Bay of Plenty region,,,,,,
MELBOURNE,,,,,,
Emirates,,,,,,
Minneapolis,,,,,,
Syria,,,,,,
Bay Rd,,,,,,
Anadolu,,,,,,
Bellevue,,,,,,
mokoroa,,,,,,
Goma,,,,,,
New Zealands North Island,,,,,,
seguito,,,,,,
Aceh Province,,,,,,
W Java,,,,,,
the east coast,,,,,,
"the Bay of Plenty, Coromandel",,,,,,
North Islan,,,,,,
Leggi SYDNEY,,,,,,
Mount Burangran,,,,,,
WEST ‌BANDUNG,,,,,,
‌campground,,,,,,
Mount,,,,,,
Indonesias West Java province,,,,,,
Mo…,,,,,,
Leggi WELLINGTON,,,,,,
l WELLINGTON,,,,,,
Indonesias West Java,,,,,,
Pāpāmoa,,,,,,
Stonehaven,,,,,,
North Rock,,,,,,
the Chilcotin River,,,,,,
NWS,,,,,,
Leggi WASHINGTON,,,,,,
Selangor,,,,,,
Takaic,,,,,,
SEOUL,,,,,,
Japans,,,,,,
Hong Kongs,,,,,,
Teratai,,,,,,
the Nantlle Valley,,,,,,
Llangollen,,,,,,
Westmoreland County,,,,,,
Taman Bukit,,,,,,
Sydneys Northern Beaches,,,,,,
Clifton,,,,,,
Hawke,,,,,,
regim,,,,,,
Northern Beaches,,,,,,
KAMPALA,,,,,,
Macroom,,,,,,
Leggi TOKYO,,,,,,
Okanagan,,,,,,
‌ground,,,,,,
NISCEMI,,,,,,
Chilcotin River,,,,,,
Naibag,,,,,,
U.S,,,,,,
Bay of Plenty:,,,,,,
Hopukiore,,,,,,
Tauranga Moana,,,,,,
Tauranga City Councils,,,,,,
West Java Regional,,,,,,
Southeast Asi,,,,,,
New York Business,,,,,,
Mamdan,,,,,,
Thu…,,,,,,
Solang Valley,,,,,,
Hertfordshire,,,,,,
Kabul,,,,,,
KABUL,,,,,,
Rivers,,,,,,
Jagawa,,,,,,
Ogun,,,,,,
Jigawa,,,,,,
Imo states,,,,,,
Jigawa State,,,,,,
Kavrepalanchowk,,,,,,
South Asia,,,,,,
kochi,,,,,,
Mega-Tsunami,,,,,,
Juneau,,,,,,
Heber City,,,,,,
Southeast,,,,,,
bund,,,,,,
Raghug,,,,,,
Taihape landslide zone,,,,,,
Banda Aceh,,,,,,
North Sum,,,,,,
Hilsa,,,,,,
Kid Rock,,,,,,
Winter,,,,,,
Annapurna Rural Municipa,,,,,,
roc,,,,,,
Lower Falls,,,,,,
Africas,,,,,,
Palembayan,,,,,,
the Peoples Republic of China,,,,,,
Sijunjung,,,,,,
Sumatra Island,,,,,,
Longdong,,,,,,
Honduras,,,,,,
Lake Rouge,,,,,,
Tauranga City Council,,,,,,
Greenpoint,,,,,,
Ill.,,,,,,
Xaisomboun province,,,,,,
Wash,,,,,,
Hemel Hempstead,,,,,,
KUALA LUMPUR,,,,,,
west Sumatra,,,,,,
the Malacca Strait,,,,,,
mumbai,,,,,,
the Rambukella area,,,,,,
the JR Dosan Line,,,,,,
East Asia,,,,,,
Puncak Arabella Apartments,,,,,,
Badulla,,,,,,
Yusep,,,,,,
Negri,,,,,,
Lasana,,,,,,
CAIRO,,,,,,
Headingley,,,,,,
HOA,,,,,,
South Dakota,,,,,,
Coastal Karnataka,,,,,,
Khambhitta,,,,,,
Addis Ababa,,,,,,
Monterey Park,,,,,,
Revelstoke,,,,,,
COLOMBO,,,,,,
Camp Osborn,,,,,,
Gombak,,,,,,
Attica,,,,,,
Bhotkhola Rural,,,,,,
the Ucayali River,,,,,,
Bhotkhola,,,,,,
Municipality4,,,,,,
North ...,,,,,,
Sri La,,,,,,
Tigray,,,,,,
Rotorua,,,,,,
the Creekside gondola,,,,,,
Budapest,,,,,,
Mahabhir,,,,,,
the Sunset Strip,,,,,,
NSW,,,,,,
Galkanda area,,,,,,
hungary,,,,,,
North Suma,,,,,,
exposi,,,,,,
Tairāwhiti,,,,,,
Mt.,,,,,,
Maladola,,,,,,
Alsea,,,,,,
Fort St John,,,,,,
Nevada,,,,,,
LA,,,,,,
Las Vegas,,,,,,
Cascades,,,,,,
pacific northwest travel,,,,,,
Morrison,,,,,,
Nashville,,,,,,
Southern Calif,,,,,,
Galkanda,,,,,,
western Sydney,,,,,,
North…,,,,,,
Ramban,,,,,,
Taipei,,,,,,
Johor,,,,,,
Luvilombo,,,,,,
Whitehorse,,,,,,
Reasi,,,,,,
Trikuta hills,,,,,,
Ukraine,,,,,,
Oxfordshire,,,,,,
Brussels,,,,,,
Danube,,,,,,
KY,,,,,,
Etna,,,,,,
Lokossa,,,,,,
Mount Etna,,,,,,
Milwaukee,,,,,,
JosÃ,,,,,,
Mid-Hill Highway,,,,,,
the Village of Lions Bay,,,,,,
West Bengals,,,,,,
Ichchhakamana,,,,,,
the glacial fjord,,,,,,
Shaanxi Province,,,,,,
Loess Plateau,,,,,,
Shaanxi,,,,,,
the Qinba Mountain Area,,,,,,
souther,,,,,,
Waterford,,,,,,
Galway,,,,,,
Richmond Park,,,,,,
Waterfor,,,,,,
Fidesz,,,,,,
Tisza,,,,,,
the United Kingdom,,,,,,
Ambukhaireni,,,,,,
Alaskais,,,,,,
North Vietnam,,,,,,
the Connecticut Huskies,,,,,,
Bimire Bhanjyang,,,,,,
Madhya Ne,,,,,,
Bajura,,,,,,
Upper Huni,,,,,,
East New Britain,,,,,,
Papua New Guinea,,,,,,
Kano State,,,,,,
North …,,,,,,
W Sumatra,,,,,,
Ratnapura,,,,,,
Arapiles,,,,,,
Kegalle,,,,,,
Tamil Nadu,,,,,,
South Sawyer Glacier,,,,,,
Saxony-Anhalt,,,,,,
