domain,sentiment_mean,sentiment_std,subjectivity_mean,subjectivity_std,counting
english.khabarhub.com,0.0102923567223839,0.10000447824727038,0.26119913148445756,0.20287923284953657,92.0
economictimes.indiatimes.com,0.004021101701586395,0.14179387604217733,0.38299450112906747,0.1623037873067141,84.0
timesofindia.indiatimes.com,0.006198482275146071,0.15045804442882485,0.31653019547440087,0.1511583440905498,83.0
en.antaranews.com,0.021190025252525252,0.17656066420042957,0.2680300775613276,0.2640709382239504,80.0
www.aljazeera.com,0.011560928266650082,0.21342653614521587,0.3194847474729368,0.16765923352585024,69.0
www.nzherald.co.nz,0.023347173685892505,0.14157873518928812,0.3729191643789149,0.19036223472832242,63.0
www.thestar.com.my,0.07706625727981527,0.13170426720971842,0.36360853792671977,0.15672288837970955,58.0
www.abc.net.au,0.023547211194173603,0.14523435278851624,0.33668567511224856,0.16578847172767286,52.0
www.cbc.ca,0.0495700771357337,0.1597330814187733,0.38961038923665187,0.1568956337219947,45.0
www.bbc.com,0.06505891420821977,0.17525953676818187,0.3637490396691786,0.24142843270526834,36.0
www.channelnewsasia.com,0.0828698007239674,0.23519618797479735,0.3297599437599438,0.14497867942683762,30.0
www.dw.com,0.042831104081104084,0.17467204201950762,0.3330159038492372,0.14756754809422334,27.0
abcnews.go.com,0.02598926714311329,0.18088390080650332,0.34139271696964,0.20540790380029,26.0
punchng.com,0.1253801948051948,0.23683369728494963,0.3987268398268398,0.12399286150956586,25.0
abcnews.com,-0.008652491500502863,0.16217943771344542,0.31145819782420164,0.19315287863363642,24.0
english.gossiplankanews.com,-0.025282531415343912,0.11677608534712879,0.37299479166666666,0.20880418574837067,24.0
japantoday.com,0.0914982052788377,0.16456868965458885,0.41850520260006424,0.18733018868666904,23.0
slashdot.org,0.06992447998129815,0.1314955993229326,0.38954615250069796,0.06895962159105173,22.0
www.dailymail.com,0.06764132553606238,0.18201116793209637,0.48912147428594793,0.14849732557467057,19.0
nypost.com,-0.009279560308972071,0.20297069822675248,0.39063131313131316,0.2028897115551624,17.0
www.yahoo.com,0.026404645191409903,0.16961857418169485,0.35496498599439774,0.215082659676101,17.0
consent.yahoo.com,-0.004599673202614377,0.12476861186390256,0.36602124183006535,0.12553941234462465,17.0
www.thehindubusinessline.com,0.08419530160549069,0.16681194770990543,0.36093531351934716,0.18154937841944208,17.0
theconversation.com,0.11890137485970818,0.1761512522257072,0.4140153118486452,0.14182361152357612,15.0
www.internazionale.it,0.06853228715728715,0.23373374339037645,0.3305355339105339,0.2516299633742386,15.0
freerepublic.com,-0.04895479024943312,0.29565001916908756,0.3508609693877551,0.2028756832705969,14.0
biztoc.com,0.12271785313451979,0.19710568011925564,0.37453202661535995,0.17462833236308148,14.0
www.irishtimes.com,0.11076883632240775,0.14511969783785972,0.4603192125334982,0.12115107087285351,14.0
peoplesreview.com.np,-0.039106240981240985,0.10515844247906755,0.3035335497835498,0.1420992114065014,11.0
consequence.net,0.0893154761904762,0.13891719957430593,0.25880555555555557,0.18306263030803507,10.0
www.nature.com,0.030958333333333338,0.06617936777528026,0.42908333333333337,0.19689426958411393,10.0
www.pbs.org,0.052016554433221104,0.1461176485646791,0.3763967452300786,0.16648209558270624,10.0
www.rt.com,0.11037301587301587,0.2824720154588251,0.40884126984126984,0.11755061385802347,10.0
www.rte.ie,0.03688261584094918,0.12864794176502195,0.3879060445727112,0.1496499549571534,9.0
dailycaller.com,0.07562389770723105,0.12182905848282144,0.32616402116402116,0.2500708012618406,9.0
www.memeorandum.com,0.16898863922673446,0.1424607519134297,0.38725904166380354,0.14883011870045781,9.0
www.digitaljournal.com,0.1493834175084175,0.2476524966477245,0.48385802469135797,0.181377201695095,9.0
www.npr.org,0.09086963383838384,0.1516921274981598,0.3879103535353535,0.19724822305711923,8.0
newsonjapan.com,0.060983946608946606,0.16098998278861867,0.4634600468975469,0.26689058225780476,8.0
www.newser.com,0.03710516453769295,0.1496591467297478,0.3843163097424461,0.1321630391910408,8.0
www.the-independent.com,0.06981838474025974,0.05249463519045665,0.29543290043290044,0.09229052253225987,8.0
www.vanguardngr.com,0.08787698412698414,0.30907709926028,0.2839781746031746,0.08439322082779,8.0
indianexpress.com,0.12313041125541124,0.16774539655569823,0.35766436688311687,0.1578190136025266,8.0
www.cbsnews.com,0.18365208204493919,0.27736791050527027,0.312715934858792,0.06670639643328354,7.0
www.bbc.co.uk,-0.030415378272521134,0.1567308319256265,0.3089914450628736,0.14825957459997902,7.0
www.hurriyetdailynews.com,-0.055555555555555566,0.10584754935143138,0.28190476190476194,0.1888885776530271,7.0
news.sky.com,-0.017329803133374566,0.09840275613194133,0.34994279529993816,0.2189992195667616,7.0
en.protothema.gr,0.04234178519892805,0.12142378668398736,0.4200443207586065,0.2076015385776886,7.0
journals.plos.org,0.08746031746031747,0.1771423415535536,0.3770748299319728,0.1898474102974044,7.0
www.independent.ie,-0.06459736251402919,0.16934725924289726,0.29204685746352416,0.13234086747923596,6.0
financialpost.com,-0.0015043290043290011,0.06545653925388455,0.2929617604617604,0.11282368776984535,6.0
www.nbcnews.com,0.10823232323232324,0.2552492241991674,0.5222294372294373,0.22976443628770155,6.0
www.foxnews.com,0.014177489177489178,0.20204529193816398,0.45859487734487736,0.15924111800644666,6.0
www.forbes.com,0.08514017728303441,0.1051023919179909,0.49291434755720465,0.14441292909113385,5.0
www.syllad.com,0.05927083333333333,0.08560415145615181,0.33444444444444443,0.13469501443476015,5.0
variety.com,0.06852092352092351,0.16550956379396484,0.4050591630591631,0.254267368131258,5.0
southasiaviews.com,-0.03091666666666667,0.16593495629981714,0.35191666666666666,0.236423290354868,5.0
crooksandliars.com,0.10912698412698411,0.6842714050412436,0.5896031746031747,0.2802554466808912,5.0
www.bostonherald.com,0.05647546897546898,0.17940657953883296,0.2550901875901876,0.10826002803643699,5.0
www.rollingstone.com,0.18278787878787878,0.22354800340313485,0.3570952380952381,0.20831257341766513,5.0
nep123.com,0.004208333333333347,0.2888010416647881,0.6528154761904762,0.19401267487728363,5.0
www.newscientist.com,0.09242063492063493,0.1406378094583087,0.39767857142857144,0.24226635072555483,4.0
www.breitbart.com,-0.047205882352941195,0.19820729132523543,0.30573529411764705,0.23248769568050195,4.0
www.ibtimes.com,-0.1058922558922559,0.1536250402590424,0.24772727272727274,0.14684571220792927,4.0
www.thejournal.ie,-0.0036763468013468062,0.03148945037918125,0.4488257575757576,0.09967820016979416,4.0
deadline.com,-0.04090909090909091,0.11396920950964537,0.6042140151515152,0.33061630753170645,4.0
www.theatlantic.com,0.045327380952380966,0.28033432446822615,0.5596130952380952,0.24454755945232656,4.0
www.crikey.com.au,0.11949404761904761,0.11863134064400181,0.3359375,0.12904480138265503,4.0
www.globalsecurity.org,0.2916666666666667,0.09464847243000458,0.4166666666666667,0.18929694486000911,3.0
science.nasa.gov,0.06613636363636365,0.08723276784055387,0.44128787878787884,0.30446185532815484,3.0
www.counterpunch.org,0.0015873015873015869,0.0027492869961410742,0.4424603174603175,0.13448868764719304,3.0
www.fairobserver.com,0.11393939393939394,0.02853638149574194,0.41614718614718615,0.06990902375842489,3.0
www.salon.com,0.18666666666666668,0.1171893055416463,0.35083333333333333,0.17341144073496936,3.0
www.business-standard.com,0.07568392255892256,0.21872825444823277,0.29089856902356903,0.04505984299337407,3.0
gizmodo.com,0.20062950937950938,0.10553874010234705,0.6245075757575758,0.13609425728659966,3.0
www.cnn.com,0.06952020202020202,0.08749578021221008,0.38727272727272727,0.1820634709051119,3.0
legalinsurrection.com,-0.03588189588189588,0.0847270532202073,0.4456857031857031,0.10229610607036511,3.0
lithub.com,0.045779220779220774,0.05898109533584773,0.27640692640692643,0.23982088151130715,3.0
www.politico.eu,0.15254629629629632,0.1145356241866212,0.4549768518518518,0.17132605003104073,3.0
www.scientificamerican.com,0.06394300144300144,0.1683657345454155,0.4462121212121212,0.14374189001756538,3.0
newrepublic.com,0.05422258297258297,0.04641421498152903,0.2839892977392977,0.11694576891966534,3.0
wattsupwiththat.com,0.022777777777777775,0.1331283145996679,0.4861111111111111,0.36764389976856277,3.0
www.techradar.com,0.021717171717171704,0.177363893505173,0.5622053872053873,0.17266751530936922,3.0
finance.yahoo.com,0.10907407407407409,0.12614944759122812,0.26796296296296296,0.040086069950984536,3.0
www.koin.com,-0.0038359788359788385,0.058229760839720784,0.21712962962962964,0.24537517465597156,3.0
www.cinemablend.com,0.28409090909090906,0.30534156460328193,0.36363636363636365,0.1928473039599675,2.0
www.wpxi.com,-0.19464285714285717,0.16920055121249533,0.2886904761904762,0.22475894116286693,2.0
www.celebitchy.com,0.33483414733414735,0.20739064883701913,0.6069851444851445,0.2677263983998027,2.0
www.wnd.com,0.21413690476190475,0.121428753793047,0.39345238095238094,0.15068108789570478,2.0
www.tmz.com,-0.10416666666666667,0.1473139127471974,0.5583333333333333,0.08249579113843056,2.0
www.vox.com,0.0925619834710744,0.010518943852361861,0.29378525514889153,0.10120541172944805,2.0
www.democracynow.org,0.11455627705627705,0.026554767648455848,0.5490665584415584,0.024890311751182257,2.0
www.dailysignal.com,0.11156655844155844,0.09349650540201997,0.3853354978354978,0.007882250915824035,2.0
www.theverge.com,0.13497231934731935,0.15972742777239832,0.3530060217560218,0.018000455259226285,2.0
www.commondreams.org,-0.09174242424242425,0.12738635800466744,0.5072727272727273,0.20827508827676494,2.0
www.sciencedaily.com,-0.00439664502164502,0.06743916135504816,0.5998511904761905,0.050297178780828886,2.0
www.thesportingtribune.com,-0.09090909090909091,0.19927554742529974,0.40411255411255415,0.056323657029577805,2.0
www.mediaite.com,0.14830357142857142,0.08068593449610782,0.3130952380952381,0.05387480237611787,2.0
www.rnz.co.nz,0.3208333333333333,0.1237436867076458,0.6,0.09428090415820632,2.0
www.seattlepi.com,0.08298611111111111,0.002455231879119948,0.3128472222222222,0.008347788389007823,2.0
www.sfgate.com,0.078125,0.15467960838455727,0.403125,0.04861359120657513,2.0
www.spinmagazine.com,-0.011688311688311689,0.016529768910854357,0.17962662337662338,0.130286720234859,2.0
www.neatorama.com,0.07270021645021645,0.11165246685618754,0.5163690476190476,0.1536273661506488,2.0
www.ndtvprofit.com,0.037405303030303025,0.1356627214662827,0.36079545454545453,0.035891026014771746,2.0
www.msnbc.com,0.09626984126984128,0.04972195302629216,0.6565873015873015,0.04568134284808327,2.0
www.juancole.com,0.011458333333333327,0.1340556605999496,0.6354166666666667,0.07365695637359872,2.0
www.thepinknews.com,-0.03749999999999999,0.22980970388562794,0.20666666666666667,0.08013876853447535,2.0
www.israelnationalnews.com,0.14805194805194805,0.09366869049484135,0.35064935064935066,0.1101984594056957,2.0
www.irishtimes.comhttps:,0.2142857142857143,0.12121830534626526,0.4658730158730159,0.17397071600621408,2.0
www.globenewswire.com,0.08176652892561984,0.06742350816479167,0.4064566115702479,0.23733367066891453,2.0
www.globalresearch.ca,0.21669823232323232,0.19637390974997618,0.23529040404040402,0.012945768089905172,2.0
www.foxweather.com,0.006628787878787866,0.10954798238837044,0.5651515151515151,0.16713433009863843,2.0
www.foxsports.com,0.03833333333333333,0.05421151989096864,0.22833333333333333,0.1013519719700718,2.0
www.ewtnnews.com,0.0788961038961039,0.0215805316336154,0.3070346320346321,0.030763736584090064,2.0
www.indiewire.com,0.4116666666666666,0.17206265008872657,0.7183333333333333,0.07306770072260999,2.0
www.cnbc.com,0.275,0.03535533905932739,0.46499999999999997,0.021213203435596385,2.0
fortune.com,0.13169642857142855,0.03598668439967249,0.39017857142857143,0.06692260607658396,2.0
mypeoplesreview.com,0.21,0.05656854249492382,0.43999999999999995,0.1508494466531301,2.0
spacedaily.com,0.0014618097951431402,0.18364534887592826,0.3522622439289106,0.14695177353963,2.0
thechronicle.com.gh,0.11818181818181818,0.02571297386132899,0.42727272727272725,0.03856946079199349,2.0
researchbuzz.me,0.15984848484848482,0.020356104306885434,0.32133838383838387,0.12231518815979417,2.0
kotaku.com,0.09506714876033057,0.21078064226382054,0.49410640495867764,0.06442122627359659,2.0
theweek.com,0.18000000000000002,0.07071067811865478,0.46499999999999997,0.007071067811865481,2.0
timesofmalta.com,-0.4041666666666667,0.13552879972742163,0.6069444444444445,0.32016223703724234,2.0
dineshkhabar.com,-0.020833333333333343,0.170884138786749,0.245,0.13435028842544405,2.0
twistedsifter.com,-0.013839285714285714,0.08144354890452199,0.4619047619047619,0.41752971841491376,2.0
m.economictimes.com,-0.04064935064935066,0.017080761207882843,0.4571428571428571,0.22223355980148635,2.0
post.rlsbb.to,0.2125,0.30052038200428266,0.3125,0.4419417382415922,2.0
cheezburger.com,0.2296717171717172,0.16624151850623128,0.5096696127946128,0.11105088190225601,2.0
statetimes.in,0.006313131313131298,0.0874955360559112,0.2914141414141414,0.09070965778857727,2.0
www.barcablaugranes.com,0.3125,0.3005203820042827,0.44583333333333336,0.11195857368787002,2.0
alltoc.com,0.1701388888888889,0.08347788389007854,0.5034722222222222,0.08347788389007849,2.0
politicalwire.com,0.07835743801652893,0.2604169085671531,0.4901687327823691,0.07448483621383084,2.0
apnews.com,0.13,0.028284271247461888,0.45,0.07071067811865474,2.0
www.billboard.com,0.275,0.3181980515339464,0.7,0.1414213562373096,2.0
www.businessinsider.com,0.28055555555555556,0.16891995328345302,0.48611111111111116,0.1610632112702692,2.0
www.phonearena.com,0.0,1.0,0.0,1.0,1.0
www.nybooks.com,0.0,1.0,0.0,1.0,1.0
grist.org,0.0,1.0,0.0,1.0,1.0
hawkeyeswire.usatoday.com,0.0,1.0,0.0,1.0,1.0
incrediblethings.com,0.0,1.0,0.0,1.0,1.0
newsnextbd.com,0.0,1.0,0.0,1.0,1.0
www.outdoorguide.com,0.0,1.0,0.0,1.0,1.0
www.sciencealert.com,0.0,1.0,0.0,1.0,1.0
kottke.org,0.0,1.0,0.0,1.0,1.0
msmagazine.com,0.0,1.0,0.0,1.0,1.0
www.parkrecord.com,0.0,1.0,0.0,1.0,1.0
lezec.cz,0.0,1.0,0.0,1.0,1.0
madriduniversal.com,0.0,1.0,0.0,1.0,1.0
www.rockpapershotgun.com,0.0,1.0,0.0,1.0,1.0
mmajunkie.usatoday.com,0.0,1.0,0.0,1.0,1.0
www.slcdunk.com,0.0,1.0,0.0,1.0,1.0
www.punknews.org,0.0,1.0,0.0,1.0,1.0
www.popsci.com,0.0,1.0,0.0,1.0,1.0
www.patheos.com,0.0,1.0,0.0,1.0,1.0
www.rferl.org,0.0,1.0,0.0,1.0,1.0
www.catholicnewsagency.com,0.0,1.0,0.0,1.0,1.0
www.smithsonianmag.com,0.0,1.0,0.0,1.0,1.0
www.spin.com,0.0,1.0,0.0,1.0,1.0
www.wrecka.ge,0.0,1.0,0.0,1.0,1.0
www.wimp.com,0.0,1.0,0.0,1.0,1.0
asia.nikkei.com,0.0,1.0,0.0,1.0,1.0
bleedingcool.com,0.0,1.0,0.0,1.0,1.0
www.universetoday.com,0.0,1.0,0.0,1.0,1.0
www.tvline.com,0.0,1.0,0.0,1.0,1.0
www.tvinsider.com,0.0,1.0,0.0,1.0,1.0
blogs.lse.ac.uk,0.0,1.0,0.0,1.0,1.0
bulinews.com,0.0,1.0,0.0,1.0,1.0
ca.news.yahoo.com,0.0,1.0,0.0,1.0,1.0
comicbook.com,0.0,1.0,0.0,1.0,1.0
www.thenation.com,0.0,1.0,0.0,1.0,1.0
www.thelineofbestfit.com,0.0,1.0,0.0,1.0,1.0
commercialobserver.com,0.0,1.0,0.0,1.0,1.0
www.thehuddle.com,0.0,1.0,0.0,1.0,1.0
degenerateart.beehiiv.com,0.0,1.0,0.0,1.0,1.0
www.thegatewaypundit.com,0.0,1.0,0.0,1.0,1.0
www.thefutoncritic.com,0.0,1.0,0.0,1.0,1.0
www.thecut.com,0.0,1.0,0.0,1.0,1.0
www.theblaze.com,0.0,1.0,0.0,1.0,1.0
www.theamericanconservative.com,0.0,1.0,0.0,1.0,1.0
www.the-sun.com,0.0,1.0,0.0,1.0,1.0
dpa-international.com,0.0,1.0,0.0,1.0,1.0
foreignpolicy.com,0.0,1.0,0.0,1.0,1.0
www.nplusonemag.com,0.0,1.0,0.0,1.0,1.0
www.statesmanjournal.com,0.0,1.0,0.0,1.0,1.0
gothamist.com,0.0,1.0,0.0,1.0,1.0
nymag.com,0.0,1.0,0.0,1.0,1.0
people.com,0.0,1.0,0.0,1.0,1.0
www.northjersey.com,0.0,1.0,0.0,1.0,1.0
www.detroitnews.com,0.0,1.0,0.0,1.0,1.0
www.freep.com,0.0,1.0,0.0,1.0,1.0
travel.yahoo.com,0.0,1.0,0.0,1.0,1.0
tw.news.yahoo.com,0.0,1.0,0.0,1.0,1.0
www.fark.com,0.0,1.0,0.0,1.0,1.0
uk.news.yahoo.com,0.0,1.0,0.0,1.0,1.0
www.esquire.com,0.0,1.0,0.0,1.0,1.0
www.espn.com,0.0,1.0,0.0,1.0,1.0
www.eonline.com,0.0,1.0,0.0,1.0,1.0
washingtonmonthly.com,0.0,1.0,0.0,1.0,1.0
www.draysbay.com,0.0,1.0,0.0,1.0,1.0
www.discovermagazine.com,0.0,1.0,0.0,1.0,1.0
weather.com,0.0,1.0,0.0,1.0,1.0
www.denofgeek.com,0.0,1.0,0.0,1.0,1.0
www.geeksaresexy.net,0.0,1.0,0.0,1.0,1.0
www.101greatgoals.com,0.0,1.0,0.0,1.0,1.0
www.activistpost.com,0.0,1.0,0.0,1.0,1.0
www.albawaba.com,0.0,1.0,0.0,1.0,1.0
www.americanthinker.com,0.0,1.0,0.0,1.0,1.0
www.cracked.com,0.0,1.0,0.0,1.0,1.0
www.androidauthority.com,0.0,1.0,0.0,1.0,1.0
www.athleticsnation.com,0.0,1.0,0.0,1.0,1.0
www.bgr.com,0.0,1.0,0.0,1.0,1.0
www.clickondetroit.com,0.0,1.0,0.0,1.0,1.0
www.bluetracker.gg,0.0,1.0,0.0,1.0,1.0
www.boredpanda.com,0.0,1.0,0.0,1.0,1.0
www.brennancenter.org,0.0,1.0,0.0,1.0,1.0
www.ganggreennation.com,0.0,1.0,0.0,1.0,1.0
thepointsguy.com,0.0,1.0,0.0,1.0,1.0
ohnotheydidnt.livejournal.com,0.0,1.0,0.0,1.0,1.0
www.makeuseof.com,0.0,1.0,0.0,1.0,1.0
opiniojuris.org,0.0,1.0,0.0,1.0,1.0
www.news24.com,0.0,1.0,0.0,1.0,1.0
www.news-journalonline.com,0.0,1.0,0.0,1.0,1.0
order-order.com,0.0,1.0,0.0,1.0,1.0
post.rlsbb.cc,0.0,1.0,0.0,1.0,1.0
www.naturalnews.com,0.0,1.0,0.0,1.0,1.0
www.nationalgeographic.com,0.0,1.0,0.0,1.0,1.0
www.nakedcapitalism.com,0.0,1.0,0.0,1.0,1.0
www.mystateline.com,0.0,1.0,0.0,1.0,1.0
www.mentalfloss.com,0.0,1.0,0.0,1.0,1.0
professortimkane.substack.com,0.0,1.0,0.0,1.0,1.0
prospect.org,0.0,1.0,0.0,1.0,1.0
www.livescience.com,0.0,1.0,0.0,1.0,1.0
thehillstimes.in,0.0,1.0,0.0,1.0,1.0
www.ladbible.com,0.0,1.0,0.0,1.0,1.0
www.kuriositas.com,0.0,1.0,0.0,1.0,1.0
www.kqed.org,0.0,1.0,0.0,1.0,1.0
radaronline.com,0.0,1.0,0.0,1.0,1.0
reactormag.com,0.0,1.0,0.0,1.0,1.0
refractor.io,0.0,1.0,0.0,1.0,1.0
republica.com,0.0,1.0,0.0,1.0,1.0
screenrant.com,0.0,1.0,0.0,1.0,1.0
stylegirlfriend.com,0.0,1.0,0.0,1.0,1.0
survivalblog.com,0.0,1.0,0.0,1.0,1.0
www.huffpost.com,0.0,1.0,0.0,1.0,1.0
www.hrw.org,0.0,1.0,0.0,1.0,1.0
1000mg.jp,0.0,1.0,0.0,1.0,1.0
